Date,Open,High,Low,Close,Volume,Market_cap
2017-11-24,0.005867,0.005961,0.005282,0.005759,50,172788
2017-11-23,0.005429,0.006028,0.005392,0.005875,77,159812
2017-11-22,0.005842,0.005942,0.005349,0.005430,27,171941
2017-11-21,0.006099,0.006113,0.005266,0.005828,132,179435
2017-11-20,0.005228,0.006131,0.005166,0.006098,6783,153769
2017-11-19,0.005762,0.006084,0.005199,0.005231,227,169458
2017-11-18,0.005919,0.006009,0.004976,0.005773,249,174037
2017-11-17,0.007845,0.008008,0.005675,0.005942,1513,230614
2017-11-16,0.007303,0.007968,0.006346,0.007858,375,214605
2017-11-15,0.006612,0.007324,0.006469,0.007265,535,194256
2017-11-14,0.006661,0.006855,0.006427,0.006607,1,195638
2017-11-13,0.006047,0.006928,0.005632,0.006647,1,177532
2017-11-12,0.006043,0.006405,0.005260,0.006038,38,177360
2017-11-11,0.006312,0.006538,0.005982,0.006048,25,185184
2017-11-10,0.007485,0.007701,0.006194,0.006334,38,219564
2017-11-09,0.007467,0.007686,0.007084,0.007463,107,218937
2017-11-08,0.007116,0.007843,0.007074,0.007475,4,208591
2017-11-07,0.006959,0.007286,0.006959,0.007139,130,203921
2017-11-06,0.007393,0.007425,0.006945,0.006970,27,216582
2017-11-05,0.007819,0.008027,0.007295,0.007377,245,228958
2017-11-04,0.007239,0.008003,0.007125,0.007834,84,211893
2017-11-03,0.007374,0.007466,0.006973,0.007257,16,215776
2017-11-02,0.006729,0.007897,0.006729,0.007384,105,196840
2017-11-01,0.006766,0.006919,0.006486,0.006721,92,197895
2017-10-31,0.006802,0.006919,0.006632,0.006771,75,198837
2017-10-30,0.006588,0.006825,0.006337,0.006825,190,192540
2017-10-29,0.005728,0.006841,0.005719,0.006626,227,167374
2017-10-28,0.006570,0.006692,0.005673,0.005736,1353,191894
2017-10-27,0.006770,0.007005,0.006545,0.006552,318,197684
2017-10-26,0.006595,0.006882,0.006551,0.006768,96,192521
2017-10-25,0.005518,0.006607,0.005496,0.006595,514,161019
2017-10-24,0.005924,0.005924,0.005493,0.005516,0,172812
2017-10-23,0.006099,0.006917,0.005721,0.005937,1068,177875
2017-10-22,0.006795,0.006855,0.005967,0.006109,141,198081
2017-10-21,0.007086,0.007184,0.005961,0.006793,1364,206504
2017-10-20,0.005648,0.007117,0.005620,0.007101,3073,164514
2017-10-19,0.005587,0.005741,0.005536,0.005646,155,162709
2017-10-18,0.005041,0.005611,0.004621,0.005584,63,146757
2017-10-17,0.005201,0.005216,0.004982,0.005040,20,151351
2017-10-16,0.005066,0.005228,0.004954,0.005200,10,147373
2017-10-15,0.005208,0.005224,0.004692,0.005065,45,151458
2017-10-14,0.004864,0.005206,0.004811,0.005198,38,141396
2017-10-13,0.004679,0.005054,0.004649,0.004863,10,135996
2017-10-12,0.004537,0.004969,0.004188,0.004665,241,131841
2017-10-11,0.004763,0.004783,0.004125,0.004533,32,138371
2017-10-10,0.004116,0.004928,0.004116,0.004764,75,119517
2017-10-09,0.003958,0.004535,0.003920,0.004116,20,114914
2017-10-08,0.005110,0.005134,0.003934,0.003957,52,148306
2017-10-07,0.005030,0.005136,0.004975,0.005124,13,145905
2017-10-06,0.004929,0.005075,0.004919,0.005028,13,142949
2017-10-05,0.004221,0.004978,0.004134,0.004929,133,122388
2017-10-04,0.004320,0.004347,0.004196,0.004218,13,125181
2017-10-03,0.004403,0.004921,0.004035,0.004310,34,127559
2017-10-02,0.005053,0.005135,0.004368,0.004403,7,146345
2017-10-01,0.004997,0.005055,0.004904,0.005055,9,144656
2017-09-30,0.003963,0.005012,0.003960,0.004994,16,114702
2017-09-29,0.003984,0.004873,0.003846,0.003963,45,115263
2017-09-28,0.004797,0.004857,0.003947,0.003987,16,138741
2017-09-27,0.004433,0.004816,0.003964,0.004796,23,128161
2017-09-26,0.003815,0.004469,0.003715,0.004445,10,110275
2017-09-25,0.003672,0.003851,0.003651,0.003816,13,106108
2017-09-24,0.004546,0.004546,0.003653,0.003676,0,131303
2017-09-23,0.004112,0.004547,0.003728,0.004547,107,118760
2017-09-22,0.004128,0.004287,0.004031,0.004124,27,119184
2017-09-21,0.003685,0.004452,0.003622,0.004133,40,106376
2017-09-20,0.004461,0.004533,0.003695,0.003704,199,128753
2017-09-19,0.004678,0.004702,0.003883,0.004467,15,134933
2017-09-18,0.003695,0.004707,0.003695,0.004666,52,106563
2017-09-17,0.003714,0.004262,0.003489,0.003703,104,107082
2017-09-16,0.003709,0.003881,0.003556,0.003717,67,106907
2017-09-15,0.003245,0.003970,0.003163,0.003719,36,93465
2017-09-14,0.003696,0.003733,0.003220,0.003220,756,106463
2017-09-13,0.004152,0.004168,0.003929,0.003987,1,119593
2017-09-12,0.004214,0.004378,0.004103,0.004168,1,121321
2017-09-11,0.003188,0.004290,0.003138,0.004210,30,91751
2017-09-10,0.003248,0.004206,0.003075,0.003193,88,93471
2017-09-09,0.003333,0.003394,0.003211,0.003257,5,95874
2017-09-08,0.003568,0.003617,0.003191,0.003327,0,102593
2017-09-07,0.004985,0.004986,0.003465,0.003567,0,143317
2017-09-06,0.004818,0.005256,0.004816,0.004995,18,138483
2017-09-05,0.004694,0.004903,0.003358,0.004812,222,134859
2017-09-04,0.003926,0.004988,0.003865,0.004669,46,112768
2017-09-03,0.005072,0.005200,0.003923,0.003925,0,145621
2017-09-02,0.003988,0.005136,0.003643,0.005069,273,114453
2017-09-01,0.006823,0.006878,0.003912,0.003983,194,195719
2017-08-31,0.003938,0.006859,0.003938,0.006822,1,112927
2017-08-30,0.007121,0.007209,0.003913,0.003945,0,204112
2017-08-29,0.003555,0.007336,0.003534,0.007130,2,101874
2017-08-28,0.004778,0.006785,0.003513,0.003549,9,136879
2017-08-27,0.005647,0.006924,0.004758,0.004783,15,161785
2017-08-26,0.006944,0.006960,0.005551,0.005649,0,198927
2017-08-25,0.006926,0.007096,0.006836,0.006942,30,198384
2017-08-24,0.005966,0.006988,0.003206,0.006937,193,170844
2017-08-23,0.003269,0.006127,0.003258,0.005963,6,93579
2017-08-22,0.005841,0.005841,0.003015,0.003276,0,167167
2017-08-21,0.006045,0.006091,0.005816,0.005828,1,172920
2017-08-20,0.006177,0.006188,0.006034,0.006068,5,176641
2017-08-19,0.005957,0.006217,0.003371,0.006205,150,170348
2017-08-18,0.007276,0.007337,0.005764,0.005962,3,208005
2017-08-17,0.007461,0.007620,0.007131,0.007298,8,213277
2017-08-16,0.007061,0.007469,0.004486,0.007468,8,201793
2017-08-15,0.007356,0.007526,0.004289,0.007054,940,210104
2017-08-14,0.006499,0.007336,0.006369,0.007336,87,185561
2017-08-13,0.006188,0.006703,0.006175,0.006495,179,176612
2017-08-12,0.005841,0.006335,0.005780,0.006194,70,166630
2017-08-11,0.005466,0.005924,0.005442,0.005845,29,155904
2017-08-10,0.004647,0.005509,0.003746,0.005466,633,132514
2017-08-09,0.004786,0.004798,0.004546,0.004646,37,136427
2017-08-08,0.004070,0.004789,0.003417,0.004789,471,115992
2017-08-07,0.003413,0.004082,0.003236,0.004066,1807,97265
2017-08-06,0.003906,0.003951,0.003372,0.003421,2980,111306
2017-08-05,0.003311,0.003986,0.003309,0.003905,59,94357
2017-08-04,0.003344,0.003356,0.002109,0.003313,43,95283
2017-08-03,0.003245,0.027787,0.003243,0.003345,30533,92394
2017-08-02,0.003275,0.003305,0.003189,0.003239,29563,93225
2017-08-01,0.003435,0.003491,0.002054,0.003276,29899,97747
2017-07-31,0.002055,0.003450,0.002035,0.003433,31331,58467
2017-07-30,0.002691,0.002745,0.001992,0.002053,29885,76513
2017-07-29,0.002781,0.002789,0.001953,0.002691,29664,79048
2017-07-28,0.002661,0.002819,0.001906,0.002792,30440,75603
2017-07-27,0.002525,0.002678,0.002447,0.002653,28781,71714
2017-07-26,0.001562,0.002552,0.001562,0.002518,27007,44346
2017-07-25,0.002069,0.002545,0.001495,0.001561,27003,58713
2017-07-24,0.002063,0.002098,0.001569,0.002069,27052,58530
2017-07-23,0.002123,0.002143,0.001995,0.002065,27000,60223
2017-07-22,0.001494,0.002163,0.001487,0.002123,27707,42358
2017-07-21,0.001586,0.001591,0.001466,0.001494,26079,44951
2017-07-20,0.001691,0.001762,0.001311,0.001574,27480,47928
2017-07-19,0.001727,0.001794,0.001671,0.001697,22111,48916
2017-07-18,0.001667,0.001786,0.001614,0.001724,22473,47207
2017-07-17,0.001442,0.001666,0.001199,0.001663,21652,40825
2017-07-16,0.001489,0.001538,0.001102,0.001444,18794,42131
2017-07-15,0.001642,0.001645,0.001492,0.001493,19430,45983
2017-07-14,0.001732,0.001763,0.001611,0.001645,21685,48520
2017-07-13,0.001790,0.001813,0.001718,0.001734,22831,50126
2017-07-12,0.001453,0.001788,0.001416,0.001788,23237,40694
2017-07-11,0.001755,0.001794,0.001452,0.001460,22554,49161
2017-07-10,0.001879,0.001889,0.000817,0.001759,22822,52625
2017-07-09,0.001912,0.001919,0.001875,0.001875,24240,53552
2017-07-08,0.001751,0.001912,0.001742,0.001910,24665,49046
2017-07-07,0.001949,0.001952,0.001732,0.001750,24150,54584
2017-07-06,0.001950,0.001953,0.001284,0.001947,25081,54611
2017-07-05,0.001943,0.001949,0.001893,0.001949,25015,54408
2017-07-04,0.001522,0.001958,0.001274,0.001944,24888,42626
2017-07-03,0.001494,0.001549,0.001482,0.001525,24236,41835
2017-07-02,0.001444,0.001505,0.001209,0.001499,23810,40450
2017-07-01,0.001226,0.001497,0.000871,0.001444,22908,34335
2017-06-30,0.001975,0.001986,0.001222,0.001226,23246,55317
2017-06-29,0.001736,0.002510,0.001280,0.001971,23491,48614
2017-06-28,0.002803,0.002807,0.001720,0.001737,22539,78512
2017-06-27,0.002680,0.002785,0.002123,0.002785,22331,75052
2017-06-26,0.003022,0.003135,0.002549,0.002680,21238,84636
2017-06-25,0.003079,0.003156,0.002937,0.003023,21941,86223
2017-06-24,0.003632,0.003672,0.003027,0.003086,22392,101725
2017-06-23,0.003747,0.004072,0.003626,0.003632,23392,104947
2017-06-22,0.007219,0.007219,0.003747,0.003747,21658,202197
2017-06-21,0.002598,0.007219,0.001824,0.007219,21654,72763
2017-06-20,0.003997,0.004247,0.002598,0.002598,20613,111943
2017-06-19,0.003997,0.004247,0.003997,0.003997,20268,111943
2017-06-18,0.003997,0.003997,0.003997,0.003997,20262,111943
2017-06-17,0.004122,0.004247,0.003997,0.003997,20261,115441
2017-06-16,0.003983,0.004122,0.003476,0.004122,20246,111549
2017-06-15,0.003932,0.004007,0.003405,0.003986,19506,110122
2017-06-14,0.004333,0.004458,0.003760,0.003932,19811,121349
2017-06-13,0.003698,0.004336,0.003694,0.004335,21843,103539
2017-06-12,0.004759,0.004773,0.003263,0.003710,21320,133231
2017-06-11,0.004915,0.005356,0.004738,0.004765,23545,137546
2017-06-10,0.004328,0.005097,0.004323,0.004918,22775,121080
2017-06-09,0.004482,0.004987,0.004309,0.004321,22050,125312
2017-06-08,0.003767,0.004489,0.002702,0.004489,21899,105288
2017-06-07,0.002867,0.003038,0.002766,0.002945,19892,80098
2017-06-06,0.002695,0.003153,0.002695,0.002866,21258,75257
2017-06-05,0.002265,0.002908,0.002265,0.002687,19875,63235
2017-06-04,0.002281,0.002806,0.002228,0.002265,18592,63657
2017-06-03,0.002722,0.002817,0.002275,0.002287,18761,75974
2017-06-02,0.002640,0.002724,0.002195,0.002724,18269,73655
2017-06-01,0.002516,0.002689,0.002516,0.002638,17625,70194
2017-05-31,0.002847,0.002914,0.002021,0.002513,16775,79439
2017-05-30,0.002506,0.003015,0.002446,0.002836,16009,69906
2017-05-29,0.002388,0.002556,0.002322,0.002503,16678,66624
2017-05-28,0.001944,0.002414,0.001944,0.002393,15946,54228
2017-05-27,0.002349,0.002419,0.001791,0.001932,14457,65525
2017-05-26,0.002403,0.002714,0.002156,0.002341,15844,67044
2017-05-25,0.002557,0.002899,0.002358,0.002421,16381,71320
2017-05-24,0.002375,0.002611,0.002375,0.002562,17321,66240
2017-05-23,0.002951,0.003176,0.002331,0.002372,16028,82297
2017-05-22,0.002855,0.003148,0.002832,0.002955,14974,79633
2017-05-21,0.002864,0.002924,0.001514,0.002846,14162,79879
2017-05-20,0.002355,0.002867,0.002355,0.002865,14252,65674
2017-05-19,0.001886,0.002362,0.001886,0.002357,13300,52586
2017-05-18,0.001468,0.001888,0.001464,0.001885,12361,40931
2017-05-17,0.001913,0.001996,0.001454,0.001469,11886,53330
2017-05-16,0.001987,0.001989,0.001861,0.001913,11361,55415
2017-05-15,0.002149,0.002152,0.001945,0.001990,11305,59920
2017-05-14,0.002135,0.002177,0.001935,0.002148,11656,59529
2017-05-13,0.004900,0.004908,0.002039,0.002128,11541,136618
2017-05-12,0.005445,0.005456,0.001553,0.004910,11026,151802
2017-05-11,0.005196,0.005492,0.001824,0.005440,10877,144845
2017-05-10,0.002264,0.005186,0.001953,0.005186,9507,63104
2017-05-09,0.002223,0.004052,0.002199,0.002263,8956,61912
2017-05-08,0.003177,0.003506,0.002133,0.002223,8734,88478
2017-05-07,0.003631,0.003645,0.003104,0.003177,8081,101104
2017-05-06,0.003095,0.003631,0.003070,0.003631,7983,86164
2017-05-05,0.004305,0.004369,0.003096,0.003096,7847,119834
2017-05-04,0.005066,0.005109,0.004185,0.004295,7449,140998
2017-05-03,0.004940,0.005075,0.004921,0.005062,6826,137466
2017-05-02,0.004691,0.004940,0.004343,0.004940,6631,130548
2017-05-01,0.004111,0.004697,0.004111,0.004694,6449,114398
2017-04-30,0.004335,0.004337,0.004011,0.004111,6032,120580
2017-04-29,0.004015,0.004370,0.003998,0.004335,5711,111637
2017-04-28,0.006127,0.006190,0.003944,0.004016,5592,170208
2017-04-27,0.005320,0.006137,0.005277,0.006127,5270,147740
2017-04-26,0.005189,0.006071,0.005189,0.005317,5040,144029
2017-04-25,0.006238,0.006250,0.005187,0.005189,4719,173118
2017-04-24,0.006640,0.006740,0.004922,0.006239,4262,184180
2017-04-23,0.004003,0.006644,0.003630,0.006637,3681,111003
2017-04-22,0.004094,0.004289,0.003075,0.004004,2008,113475
2017-04-21,0.002212,0.004301,0.001404,0.004092,1719,61300
2017-04-20,0.002118,0.002223,0.002081,0.002212,1450,58674
2017-04-19,0.002048,0.002117,0.002035,0.002117,1371,56701
2017-04-18,0.001779,0.002058,0.001779,0.002048,1218,49242
2017-04-17,0.001763,0.001780,0.001747,0.001779,1171,48780
2017-04-16,0.001700,0.001772,0.001700,0.001763,1136,47033
2017-04-15,0.001751,0.001769,0.001700,0.001700,1085,48422
2017-04-14,0.002222,0.002262,0.001749,0.001752,1031,61413
2017-04-13,0.001741,0.002256,0.001698,0.002221,1006,48103
2017-04-12,0.001808,0.001811,0.001083,0.001741,1000,49932
2017-04-11,0.002374,0.002383,0.001214,0.001809,922,65563
2017-04-10,0.002257,0.002381,0.002240,0.002373,848,62307
2017-04-09,0.001176,0.002262,0.000869,0.002257,814,32451
2017-04-08,0.000906,0.001185,0.000895,0.001176,699,24994
2017-04-07,0.000863,0.000914,0.000856,0.000906,620,23804
2017-04-06,0.000675,0.000868,0.000675,0.000864,600,18603
2017-04-05,0.000567,0.000810,0.000557,0.000675,550,15613
2017-04-04,0.000789,0.000805,0.000565,0.000566,541,21742
2017-04-03,0.000760,0.000863,0.000562,0.000788,534,20943
2017-04-02,0.000400,0.000764,0.000275,0.000760,476,11006
2017-04-01,0.000397,0.000404,0.000283,0.000400,378,10916
2017-03-31,0.000318,0.000398,0.000238,0.000396,360,8758
2017-03-30,0.000416,0.000420,0.000316,0.000318,312,11449
2017-03-29,0.000304,0.000475,0.000228,0.000416,307,8354
2017-03-28,0.000303,0.000309,0.000298,0.000304,268,8340
2017-03-27,0.000271,0.000303,0.000238,0.000303,267,7443
2017-03-26,0.000243,0.000281,0.000214,0.000270,237,6684
2017-03-25,0.000263,0.000278,0.000239,0.000244,230,7213
2017-03-24,0.000291,0.000291,0.000233,0.000262,208,7988
2017-03-23,0.000262,0.000295,0.000257,0.000291,215,7203
2017-03-22,0.000291,0.000291,0.000254,0.000262,207,7997
2017-03-21,0.000264,0.000291,0.000264,0.000291,204,7232
2017-03-20,0.000197,0.000265,0.000197,0.000263,191,3940
2017-03-19,0.000244,0.000255,0.000190,0.000197,164,4884
2017-03-18,0.000275,0.000279,0.000183,0.000243,147,5501
2017-03-17,0.000226,0.000305,0.000200,0.000275,158,4514
2017-03-16,0.000312,0.000396,0.000219,0.000226,164,6248
2017-03-15,0.000223,0.000313,0.000223,0.000312,135,4464
2017-03-14,0.000308,0.000308,0.000222,0.000223,124,6160
2017-03-13,0.000244,0.000309,0.000221,0.000308,121,4886
2017-03-12,0.000317,0.000319,0.000236,0.000244,103,6349
2017-03-11,0.000290,0.000317,0.000210,0.000317,97,5807
2017-03-10,0.000309,0.000330,0.000280,0.000290,91,6185
2017-03-09,0.000299,0.000311,0.000297,0.000309,79,5980
2017-03-08,0.000220,0.000304,0.000210,0.000299,76,4404
2017-03-07,0.000216,0.000224,0.000205,0.000220,61,4328
2017-03-06,0.000215,0.000217,0.000215,0.000216,63,4308
2017-03-05,0.000226,0.000312,0.000212,0.000215,63,4519
2017-03-04,0.000229,0.000230,0.000221,0.000226,59,4590
2017-03-03,0.000238,0.000320,0.000229,0.000230,60,4754
2017-03-02,0.000293,0.000316,0.000238,0.000238,53,-
2017-03-01,0.000236,0.000293,0.000236,0.000293,47,-
2017-02-28,0.000201,0.000237,0.000201,0.000236,39,-
2017-02-27,0.000175,0.000201,0.000175,0.000200,36,-
2017-02-26,0.000572,0.000572,0.000174,0.000175,23,-
2017-02-25,0.000304,0.000587,0.000304,0.000572,17,-
2017-02-24,0.000292,0.000312,0.000292,0.000305,15,-
2017-02-23,0.000268,0.000294,0.000268,0.000294,13,-
2017-02-22,0.000268,0.000270,0.000267,0.000268,12,12313
2017-02-06,0.000205,0.000209,0.000205,0.000208,4,9444
2017-02-05,0.000209,0.000209,0.000204,0.000206,4,9587
2017-02-04,0.000124,0.000209,0.000122,0.000209,4,5680
2017-02-03,0.000121,0.000124,0.000121,0.000123,4,5581
2017-02-02,0.000119,0.000122,0.000118,0.000121,1,5455
2017-02-01,0.000118,0.000119,0.000116,0.000119,1,5403
2017-01-31,0.000110,0.000111,0.000110,0.000111,12,5076
2017-01-30,0.000110,0.000111,0.000110,0.000110,12,5072
2017-01-29,0.000110,0.000111,0.000110,0.000110,12,5075
2017-01-16,0.000123,0.000125,0.000123,0.000125,2,5666
2017-01-15,0.000123,0.000123,0.000122,0.000123,2,5656
2017-01-10,0.000135,0.000137,0.000135,0.000136,1,6224
2017-01-09,0.000136,0.000136,0.000132,0.000135,1,6233
2017-01-08,0.000109,0.000113,0.000106,0.000109,4,5011
2017-01-07,0.000108,0.000109,0.000099,0.000109,4,4983
2017-01-06,0.000122,0.000134,0.000106,0.000108,4,5589
2017-01-05,0.000115,0.000122,0.000101,0.000121,1,5307
2017-01-04,0.000230,0.000251,0.000111,0.000115,17,10555
2017-01-03,0.000204,0.000230,0.000204,0.000230,9,9392
2017-01-02,0.000200,0.000206,0.000199,0.000204,6,9177
2017-01-01,0.000241,0.000243,0.000195,0.000200,2,11074
2016-12-31,0.000152,0.000241,0.000152,0.000241,0,6988
2016-12-28,0.000112,0.000116,0.000112,0.000115,1,5147
2016-12-27,0.000112,0.000113,0.000112,0.000112,1,5166
2016-12-24,0.000645,0.000646,0.000645,0.000646,1,29664
2016-12-23,0.000605,0.000648,0.000605,0.000645,1,27816
2016-12-22,0.000375,0.000613,0.000375,0.000605,1,17256
2016-12-21,0.000360,0.000374,0.000360,0.000374,0,16565
2016-12-20,0.000317,0.000361,0.000278,0.000361,1,14574
2016-12-19,0.000317,0.000317,0.000317,0.000317,0,14575
2016-12-18,0.000316,0.000318,0.000315,0.000316,8,14539
2016-12-17,0.000314,0.000317,0.000314,0.000316,8,14431
2016-12-16,0.000311,0.000314,0.000311,0.000314,8,14305
2016-12-15,0.000313,0.000313,0.000311,0.000311,8,14368
2016-12-14,0.000312,0.000313,0.000311,0.000312,8,14351
2016-12-13,0.000312,0.000315,0.000311,0.000313,8,14342
2016-12-12,0.000308,0.000313,0.000308,0.000312,8,14152
2016-12-11,0.000310,0.000310,0.000306,0.000308,8,14242
2016-12-10,0.000309,0.000311,0.000309,0.000310,8,14208
2016-12-09,0.000308,0.000310,0.000308,0.000309,8,14171
2016-12-08,0.000307,0.000310,0.000306,0.000308,8,14122
2016-12-07,0.000306,0.000309,0.000304,0.000307,8,14050
2016-12-06,0.000303,0.000306,0.000303,0.000306,8,13949
2016-12-05,0.000310,0.000310,0.000301,0.000303,8,14228
2016-12-04,0.000308,0.000309,0.000307,0.000309,8,14178
2016-12-03,0.000311,0.000311,0.000306,0.000308,8,14303
2016-12-02,0.000303,0.000313,0.000303,0.000311,8,13913
2016-12-01,0.000298,0.000303,0.000298,0.000303,8,13710
2016-11-30,0.000295,0.000299,0.000295,0.000298,8,13537
2016-11-29,0.000294,0.000295,0.000294,0.000294,8,13528
2016-11-28,0.000300,0.000302,0.000294,0.000294,8,13795
2016-11-27,0.000301,0.000303,0.000300,0.000300,8,13845
2016-11-25,0.000304,0.000304,0.000301,0.000303,3,13951
2016-11-24,0.000305,0.000306,0.000301,0.000304,3,14032
2016-11-23,0.000308,0.000308,0.000303,0.000305,3,14159
2016-11-22,0.000303,0.000309,0.000302,0.000308,3,13931
2016-11-21,0.000300,0.000304,0.000300,0.000303,3,13776
2016-11-20,0.000308,0.000310,0.000294,0.000300,3,14164
2016-11-19,0.000308,0.000310,0.000305,0.000308,3,14163
2016-11-18,0.000304,0.000309,0.000302,0.000308,3,13964
2016-11-17,0.000305,0.000310,0.000303,0.000304,3,14024
2016-11-16,0.000292,0.000307,0.000291,0.000305,3,13402
2016-11-15,0.000289,0.000293,0.000289,0.000292,3,13286
2016-11-14,0.000288,0.000290,0.000287,0.000289,3,13230
2016-11-13,0.000289,0.000289,0.000282,0.000288,3,13287
2016-11-12,0.000294,0.000294,0.000289,0.000289,3,13501
2016-11-11,0.000293,0.000295,0.000293,0.000294,3,13484
2016-11-10,0.000297,0.000297,0.000292,0.000293,3,13630
2016-11-09,0.000291,0.000303,0.000291,0.000296,3,13377
2016-11-08,0.000288,0.000292,0.000288,0.000291,3,13250
2016-11-07,0.000289,0.000289,0.000288,0.000288,3,13264
2016-10-31,0.000702,0.000709,0.000692,0.000708,14,32260
2016-10-30,0.000857,0.000857,0.000699,0.000702,19,39407
2016-10-29,0.000248,0.000864,0.000248,0.000858,6,11411
2016-10-28,0.000248,0.000249,0.000246,0.000248,5,11389
2016-10-27,0.000247,0.000248,0.000247,0.000248,4,11342
2016-10-26,0.000237,0.000245,0.000237,0.000244,6,10881
2016-10-25,0.000445,0.000448,0.000236,0.000237,5,20433
2016-10-24,0.000445,0.000445,0.000444,0.000445,0,20468
2016-10-18,0.001278,0.001281,0.001277,0.001281,0,58758
2016-10-17,0.001283,0.001285,0.001277,0.001278,0,58982
2016-10-16,0.000351,0.001456,0.000351,0.001283,91,16145
2016-10-15,0.000256,0.000351,0.000255,0.000351,9,11782
2016-10-12,0.000128,0.000128,0.000127,0.000127,1,5893
2016-10-11,0.000127,0.000128,0.000127,0.000128,1,5860
2016-10-10,0.000432,0.000435,0.000431,0.000433,12,19843
2016-10-09,0.000074,0.000464,0.000074,0.000432,13,3405
2016-10-07,0.000184,0.000185,0.000184,0.000185,1,8453
2016-10-06,0.000251,0.000251,0.000184,0.000184,1,11543
2016-10-05,0.000244,0.000252,0.000244,0.000251,0,11219
2016-10-04,0.000245,0.000733,0.000244,0.000244,2,11254
2016-10-03,0.000343,0.000343,0.000183,0.000245,49,15749
2016-09-26,0.000679,0.000686,0.000678,0.000685,7,31206
2016-09-25,0.000681,0.000682,0.000678,0.000679,7,31299
2016-09-24,0.000681,0.000683,0.000680,0.000681,7,31310
2016-09-23,0.000680,0.000684,0.000678,0.000681,12,31245
2016-09-22,0.000681,0.000682,0.000680,0.000680,15,31289
2016-09-21,0.000693,0.000693,0.000679,0.000681,15,31874
2016-09-20,0.000762,0.000762,0.000693,0.000694,15,35002
2016-09-19,0.000695,0.000762,0.000694,0.000762,8,31956
2016-09-18,0.000691,0.000696,0.000691,0.000695,0,31752
2016-09-17,0.001214,0.001216,0.000691,0.000691,0,55796
2016-09-16,0.000759,0.001218,0.000759,0.001214,13,34883
2016-09-15,0.000690,0.000764,0.000688,0.000759,20,31718
2016-09-14,0.000688,0.000692,0.000688,0.000690,8,31618
2016-09-12,0.000728,0.000730,0.000726,0.000729,3,33464
2016-09-11,0.000748,0.000755,0.000721,0.000728,3,34390
2016-09-10,0.000704,0.000749,0.000703,0.000748,8,32350
2016-09-09,0.000708,0.000708,0.000701,0.000704,27,32539
2016-09-08,0.000682,0.000698,0.000681,0.000696,0,31353
2016-09-07,0.000733,0.000735,0.000679,0.000682,11,33669
2016-09-06,0.000673,0.000733,0.000672,0.000732,17,30947
2016-09-05,0.000676,0.000676,0.000668,0.000673,4,31052
2016-09-04,0.000664,0.000679,0.000663,0.000675,4,30520
2016-09-03,0.000639,0.000665,0.000637,0.000664,3,29363
2016-09-02,0.000635,0.000639,0.000634,0.000639,5,29198
2016-09-01,0.000645,0.000645,0.000635,0.000635,5,29624
2016-08-31,0.000647,0.000647,0.000642,0.000644,9,29729
2016-08-30,0.000643,0.000648,0.000643,0.000647,6,29554
2016-08-29,0.000637,0.000645,0.000637,0.000643,17,29280
2016-08-28,0.001396,0.001406,0.000636,0.000637,1,64181
2016-08-27,0.001438,0.001438,0.001396,0.001397,1,66073
2016-08-26,0.000589,0.001451,0.000588,0.001437,25,27087
2016-08-25,0.000592,0.000592,0.000587,0.000589,3,27200
2016-08-24,0.000595,0.000595,0.000591,0.000592,3,27352
2016-08-23,0.000616,0.000619,0.000593,0.000595,0,28317
2016-08-22,0.000814,0.000823,0.000616,0.000616,1,37406
2016-08-21,0.000611,0.000814,0.000610,0.000814,3,28093
2016-08-17,0.000606,0.000610,0.000601,0.000601,2,27868
2016-08-16,0.000596,0.000611,0.000595,0.000606,2,27375
2016-08-15,0.000656,0.000660,0.000591,0.000595,0,30154
2016-08-14,0.000612,0.000664,0.000606,0.000656,3,28117
2016-08-13,0.000617,0.000619,0.000614,0.000615,1,28356
2016-08-12,0.000619,0.000619,0.000613,0.000617,1,28431
2016-08-11,0.000621,0.000627,0.000619,0.000619,1,28562
2016-08-10,0.000617,0.000630,0.000616,0.000624,9,28368
2016-08-09,0.000617,0.000619,0.000616,0.000617,9,28365
2016-08-08,0.000622,0.000623,0.000617,0.000620,0,28604
2016-08-07,0.000882,0.000887,0.000616,0.000622,0,40524
2016-08-06,0.000863,0.000883,0.000854,0.000882,1,39646
2016-08-05,0.000867,0.000867,0.000855,0.000863,1,39870
2016-08-04,0.000850,0.000869,0.000849,0.000867,1,39047
2016-08-03,0.000821,0.000860,0.000812,0.000850,1,37744
2016-08-02,0.000909,0.000919,0.000797,0.000816,1,41799
2016-08-01,0.000937,0.000939,0.000909,0.000909,1,43068
2016-07-31,0.002948,0.002949,0.000937,0.000938,1,135484
2016-07-30,0.000670,0.002950,0.000668,0.002948,1,30801
2016-07-29,0.000668,0.000671,0.000668,0.000670,1,30709
2016-07-28,0.000667,0.000671,0.000667,0.000668,0,30677
2016-07-27,0.000666,0.000671,0.000665,0.000667,0,30632
2016-07-26,0.000667,0.000669,0.000659,0.000667,10,30665
2016-07-25,0.002050,0.002052,0.000666,0.000667,10,94222
2016-07-24,0.000754,0.002054,0.000751,0.002050,0,34651
2016-07-23,0.000748,0.000755,0.000746,0.000754,7,34390
2016-07-22,0.001475,0.001480,0.000744,0.000748,15,67788
2016-07-17,0.001467,0.001474,0.001467,0.001473,4,67423
2016-07-16,0.001472,0.001480,0.001464,0.001470,4,67677
2016-07-15,0.001974,0.001979,0.001463,0.001474,4,90741
2016-07-14,0.002945,0.002958,0.001456,0.001973,3,135365
2016-07-13,0.001329,0.002981,0.001315,0.002951,31,61089
2016-07-12,0.001295,0.001351,0.001294,0.001329,0,59536
2016-07-11,0.001299,0.001319,0.001290,0.001295,1,59693
2016-07-10,0.001302,0.001305,0.001283,0.001299,0,59840
2016-07-09,0.000767,0.001325,0.000744,0.001302,0,35230
2016-07-08,0.000737,0.000767,0.000732,0.000767,2,33858
2016-07-07,0.000712,0.000736,0.000704,0.000736,2,32710
2016-06-30,0.001005,0.001044,0.000999,0.001044,0,46175
2016-06-29,0.001016,0.001016,0.000986,0.001004,0,46688
2016-06-28,0.001017,0.001025,0.001015,0.001016,0,46732
2016-06-19,0.001187,0.001193,0.001171,0.001180,0,54571
2016-06-18,0.001176,0.001221,0.001152,0.001188,0,54042
2016-06-17,0.000920,0.001191,0.000860,0.001176,0,42266
2016-06-16,0.003472,0.003683,0.000746,0.000919,2,159598
2016-06-15,0.003428,0.003482,0.003363,0.003470,6,157550
2016-06-14,0.000718,0.003463,0.000699,0.003429,6,33023
2016-06-13,0.000686,0.000730,0.000678,0.000718,1,31541
2016-06-12,0.000728,0.000775,0.000657,0.000686,1,33464
2016-06-11,0.002310,0.002339,0.000600,0.000729,2,106168
2016-06-10,0.003333,0.003358,0.002302,0.002310,0,153186
2016-06-09,0.000591,0.003347,0.000582,0.003333,33,27158
2016-06-08,0.002249,0.002266,0.002235,0.002251,0,103357
2016-06-07,0.002284,0.002302,0.002213,0.002248,0,104960
2016-06-06,0.001207,0.002284,0.001207,0.002283,0,55498
2016-06-05,0.001203,0.001224,0.001195,0.001208,1,55281
2016-06-04,0.001195,0.001239,0.001185,0.001204,2,54940
2016-06-03,0.001130,0.001207,0.001128,0.001195,7,51926
2016-06-02,0.001125,0.001135,0.001119,0.001130,7,51720
2016-05-30,0.000789,0.000817,0.000784,0.000811,0,36281
2016-05-29,0.000795,0.000831,0.000768,0.000788,0,36543
2016-05-28,0.000710,0.000800,0.000709,0.000796,0,32642
2016-05-27,0.000635,0.000712,0.000635,0.000711,32,29174
2016-05-26,0.001574,0.001588,0.000635,0.000635,38,72327
2016-05-25,0.002239,0.002260,0.001570,0.001573,124,102902
2016-05-24,0.002230,0.002244,0.002229,0.002239,38,102481
2016-05-23,0.002205,0.002231,0.002203,0.002230,0,101366
2016-05-22,0.002225,0.002226,0.002204,0.002206,3,102258
2016-05-21,0.002222,0.002228,0.002217,0.002225,5,102139
2016-05-20,0.003400,0.003423,0.002211,0.002221,5,156275
2016-05-19,0.002291,0.003438,0.002227,0.003407,97,105313
2016-05-18,0.002785,0.002785,0.002292,0.002292,230,128014
2016-05-15,0.003190,0.003193,0.003189,0.003189,47,146635
2016-05-14,0.003191,0.003198,0.003184,0.003190,47,146656
2016-05-13,0.003193,0.003199,0.003174,0.003190,47,146761
2016-05-12,0.003190,0.003194,0.003166,0.003192,41,146609
2016-05-11,0.003179,0.003205,0.003179,0.003192,1,146096
2016-05-10,0.003233,0.003257,0.003165,0.003179,32,148590
2016-05-09,0.003217,0.003247,0.003205,0.003233,96,147844
2016-05-08,0.003237,0.003242,0.003211,0.003219,115,148758
2016-05-07,0.004367,0.004548,0.003234,0.003237,175,200699
2016-05-06,0.004255,0.004383,0.004247,0.004366,24,195592
2016-05-05,0.004244,0.004261,0.004236,0.004256,23,195054
2016-05-04,0.004682,0.004684,0.004238,0.004244,10,215192
2016-05-03,0.004625,0.004691,0.004603,0.004683,30,212584
2016-05-02,0.004519,0.004638,0.004203,0.004625,30,207720
2016-05-01,0.004261,0.004525,0.004255,0.004519,14,195828
2016-04-30,0.004324,0.004328,0.004253,0.004259,0,198751
2016-04-29,0.004494,0.004499,0.004264,0.004323,0,206560
2016-04-28,0.004450,0.004882,0.004366,0.004490,271,204551
2016-04-27,0.003278,0.005023,0.003188,0.004447,240,150657
2016-04-26,0.004616,0.004680,0.003274,0.003277,137,212185
2016-04-25,0.009187,0.009232,0.004602,0.004614,301,422259
2016-04-24,0.040550,0.043454,0.009026,0.009176,942,1863800
2016-04-23,0.010161,0.040525,0.009824,0.040525,649,467035
2016-04-22,0.003118,0.010158,0.003115,0.010158,133,143318
2016-04-20,0.003047,0.003092,0.003041,0.003083,1,140060
2016-04-19,0.003003,0.003052,0.003000,0.003049,1,138047
2016-04-18,0.002138,0.002146,0.002138,0.002142,14,98270
2016-04-17,0.009810,0.009827,0.002130,0.002137,14,450888
2016-04-16,0.009790,0.009860,0.003393,0.009808,25,449974
2016-04-15,0.003439,0.009798,0.003439,0.009793,62,158049
2016-04-14,0.003391,0.003403,0.003384,0.003392,0,155881
2016-04-13,0.003397,0.003400,0.003389,0.003390,0,156141
2016-04-12,0.003383,0.003418,0.003383,0.003397,17,155480
2016-04-11,0.002108,0.003380,0.002103,0.003380,17,96881
2016-04-10,0.001678,0.002112,0.001677,0.002108,78,77142
2016-04-09,0.001676,0.001678,0.001675,0.001678,7,77020
2016-04-07,0.001059,0.001059,0.001051,0.001054,1,48677
2016-04-06,0.001061,0.001061,0.001057,0.001059,1,48753
2016-04-05,0.001852,0.001865,0.001057,0.001060,1,85144
2016-04-04,0.001857,0.001858,0.001846,0.001854,2,85338
2016-03-30,0.001626,0.001626,0.001609,0.001618,18,74719
2016-03-29,0.000721,0.001626,0.000702,0.001624,18,33154
2016-03-28,0.000721,0.000722,0.000721,0.000721,15,33140
2016-03-26,0.002379,0.002379,0.000666,0.000667,9,109327
2016-03-25,0.002128,0.002915,0.001323,0.002379,27,97805
2016-03-24,0.002523,0.002924,0.002128,0.002128,11,115981
2016-03-23,0.002169,0.002734,0.002168,0.002524,34,99709
2016-03-22,0.002830,0.003307,0.002166,0.002169,8,130068
2016-03-21,0.003910,0.003910,0.002750,0.002830,26,179697
2016-03-20,0.003336,0.003914,0.003246,0.003912,10,153330
2016-03-19,0.006718,0.006726,0.003326,0.003336,141,308766
2016-03-18,0.006265,0.008110,0.003838,0.006722,72,287976
2016-03-17,0.003347,0.006267,0.003347,0.006266,55,153832
2016-03-16,0.004407,0.004491,0.003338,0.003340,33,202560
2016-03-15,0.003451,0.004429,0.003014,0.004407,170,158600
2016-03-14,0.004195,0.004477,0.003292,0.003451,143,192803
2016-03-13,0.002146,0.004787,0.002146,0.004193,685,98641
2016-03-12,0.011361,0.012296,0.001674,0.002146,55,522167
2016-03-11,0.001623,0.011449,0.001617,0.011363,144,74586
2016-03-10,0.001124,0.001623,0.001106,0.001622,15,51656
2016-03-09,0.001474,0.001474,0.001124,0.001124,21,67739
2016-03-08,0.001359,0.001474,0.001080,0.001474,27,62484
2016-03-07,0.001420,0.001421,0.001272,0.001359,9,65280
2016-03-06,0.001087,0.001425,0.001075,0.001421,28,49954
2016-03-05,0.001082,0.001205,0.001075,0.001087,6,49743
2016-03-04,0.001282,0.001381,0.001083,0.001083,14,58904
2016-03-03,0.001201,0.001289,0.001065,0.001281,15,55224
2016-03-02,0.001331,0.001431,0.001247,0.001425,2,61175
2016-03-01,0.001336,0.001358,0.001138,0.001331,30,61384
2016-02-29,0.001426,0.001444,0.001328,0.001335,13,65543
2016-02-28,0.001422,0.001433,0.001394,0.001426,4,65362
2016-02-27,0.001320,0.001422,0.001311,0.001422,3,60673
2016-02-26,0.001295,0.001402,0.001286,0.001318,3,59527
2016-02-25,0.001242,0.001296,0.001231,0.001295,3,57065
2016-02-24,0.001286,0.001386,0.001231,0.001241,4,59102
2016-02-23,0.001416,0.001420,0.001125,0.001286,27,65083
2016-02-22,0.001064,0.001428,0.001051,0.001415,19,48890
2016-02-21,0.001486,0.001523,0.001005,0.001063,4,68317
2016-02-20,0.001645,0.001662,0.001105,0.001490,13,75608
2016-02-19,0.001226,0.001670,0.001072,0.001642,5,56352
2016-02-18,0.001953,0.001966,0.001225,0.001225,10,89786
2016-02-17,0.001478,0.001959,0.001337,0.001952,4,67946
2016-02-16,0.001284,0.001677,0.001284,0.001478,19,59010
2016-02-15,0.000647,0.001280,0.000637,0.001279,5,29747
2016-02-14,0.001511,0.001536,0.000715,0.000752,18,69431
2016-02-13,0.001642,0.001676,0.001502,0.001507,3,75490
2016-02-12,0.001597,0.001649,0.001280,0.001641,3,73408
2016-02-11,0.001335,0.001599,0.001246,0.001597,56,61341
2016-02-10,0.001101,0.001447,0.001101,0.001334,21,50624
2016-02-09,0.001238,0.001481,0.001100,0.001100,51,56885
2016-02-08,0.001273,0.001470,0.001095,0.001238,66,58531
2016-02-07,0.001125,0.001274,0.001084,0.001273,32,51691
2016-02-06,0.001182,0.001248,0.001124,0.001125,13,54308
2016-02-05,0.001096,0.001190,0.001082,0.001181,27,50362
2016-02-04,0.001022,0.001110,0.001022,0.001098,14,46977
2016-02-03,0.000984,0.001057,0.000972,0.001021,14,45205
2016-02-02,0.001114,0.001259,0.000981,0.000983,16,51185
2016-02-01,0.001075,0.001122,0.001068,0.001108,33,49401
2016-01-31,0.000867,0.001121,0.000864,0.001073,2,39869
2016-01-30,0.000811,0.000891,0.000811,0.000867,37,37269
2016-01-29,0.000779,0.000818,0.000730,0.000812,41,35788
2016-01-28,0.000841,0.000984,0.000778,0.000778,23,38676
2016-01-27,0.000831,0.000893,0.000816,0.000837,26,38215
2016-01-26,0.000763,0.000837,0.000731,0.000831,3,35084
2016-01-25,0.000872,0.000872,0.000758,0.000763,20,40081
2016-01-24,0.000996,0.000996,0.000765,0.000873,5,45776
2016-01-23,0.000679,0.001027,0.000679,0.000996,35,31224
2016-01-22,0.000665,0.000925,0.000657,0.000679,12,30588
2016-01-21,0.000489,0.000668,0.000419,0.000666,4,22469
2016-01-20,0.000491,0.000552,0.000458,0.000489,23,22561
2016-01-19,0.000919,0.000919,0.000460,0.000491,5,42258
2016-01-18,0.000728,0.000919,0.000579,0.000919,21,33456
2016-01-17,0.000595,0.000737,0.000571,0.000729,16,27343
2016-01-16,0.000598,0.000638,0.000591,0.000595,3,27475
2016-01-15,0.000673,0.000673,0.000574,0.000595,2,30934
2016-01-14,0.000618,0.000675,0.000617,0.000673,12,28417
2016-01-13,0.000748,0.000748,0.000738,0.000743,0,34387
2016-01-12,0.000448,0.000757,0.000445,0.000749,9,20600
2016-01-11,0.000449,0.000451,0.000444,0.000448,1,20623
2016-01-10,0.000581,0.000593,0.000446,0.000448,1,26718
2016-01-09,0.000716,0.000716,0.000552,0.000581,1,32914
2016-01-08,0.000572,0.000730,0.000570,0.000715,5,26287
2016-01-07,0.000568,0.000573,0.000567,0.000573,0,26094
2016-01-06,0.001003,0.001284,0.000999,0.001284,1,46085
2016-01-05,0.000762,0.001053,0.000722,0.001003,5,35033
2016-01-04,0.000773,0.000775,0.000750,0.000758,6,35508
2016-01-03,0.000804,0.000805,0.000729,0.000772,10,36966
2016-01-02,0.000757,0.000806,0.000703,0.000804,13,34788
2016-01-01,0.000764,0.000777,0.000747,0.000757,26,35127
2015-12-31,0.000845,0.000965,0.000740,0.000764,99,38856
2015-12-30,0.000758,0.000847,0.000740,0.000845,2,34819
2015-12-29,0.000788,0.000847,0.000716,0.000757,36,36202
2015-12-28,0.000798,0.000804,0.000781,0.000788,2,36665
2015-12-27,0.000724,0.000775,0.000711,0.000770,0,33295
2015-12-26,0.000766,0.000767,0.000664,0.000726,0,35204
2015-12-25,0.000780,0.001154,0.000711,0.000765,4,35860
2015-12-24,0.000817,0.000889,0.000695,0.000709,4,37573
2015-12-23,0.001212,0.001236,0.000816,0.000816,3,55719
2015-12-22,0.000900,0.001443,0.000900,0.001212,39,41354
2015-12-21,0.001069,0.001098,0.000897,0.000902,21,49130
2015-12-20,0.001247,0.001248,0.000799,0.001069,7,57295
2015-12-19,0.000765,0.001271,0.000764,0.001247,254,35145
2015-12-18,0.000740,0.000787,0.000722,0.000765,17,34034
2015-12-17,0.001008,0.001068,0.000717,0.000741,37,46340
2015-12-16,0.001094,0.001321,0.001005,0.001005,23,50285
2015-12-15,0.000930,0.001094,0.000826,0.001094,27,42755
2015-12-14,0.000957,0.000979,0.000700,0.000931,33,43969
2015-12-13,0.001300,0.001773,0.000779,0.000958,104,59740
2015-12-12,0.000910,0.001309,0.000907,0.001307,21,41819
2015-12-11,0.000925,0.001214,0.000862,0.000909,31,42515
2015-12-10,0.000839,0.001068,0.000814,0.000919,38,38544
2015-12-09,0.000986,0.001003,0.000764,0.000838,11,45302
2015-12-08,0.000724,0.001000,0.000678,0.000988,5,33256
2015-12-07,0.000712,0.000982,0.000707,0.000723,10,32718
2015-12-06,0.000916,0.001067,0.000710,0.000710,16,42111
2015-12-05,0.000751,0.000968,0.000750,0.000916,12,34523
2015-12-04,0.000650,0.000763,0.000640,0.000750,10,29888
2015-12-03,0.000679,0.000764,0.000650,0.000650,15,31215
2015-12-02,0.001081,0.001081,0.000636,0.000679,4,49690
2015-12-01,0.000635,0.001085,0.000612,0.001083,63,29191
2015-11-30,0.000650,0.000715,0.000632,0.000635,1,29876
2015-11-29,0.000645,0.000662,0.000626,0.000650,8,29626
2015-11-28,0.000494,0.000647,0.000489,0.000644,17,22684
2015-11-27,0.000673,0.000762,0.000484,0.000515,6,30944
2015-11-26,0.000742,0.000773,0.000613,0.000678,8,34091
2015-11-25,0.000586,0.000742,0.000577,0.000742,10,26934
2015-11-24,0.000879,0.000879,0.000584,0.000586,11,40381
2015-11-23,0.000967,0.000967,0.000683,0.000691,20,44426
2015-11-22,0.000676,0.000999,0.000662,0.000967,2,31057
2015-11-21,0.000611,0.000971,0.000565,0.000676,52,28074
2015-11-20,0.000542,0.000611,0.000526,0.000611,6,24905
2015-11-19,0.000559,0.000630,0.000538,0.000541,16,25672
2015-11-18,0.000615,0.000618,0.000531,0.000558,12,28256
2015-11-17,0.000522,0.000615,0.000521,0.000615,52,23991
2015-11-16,0.000508,0.000561,0.000501,0.000523,12,23366
2015-11-15,0.000523,0.000601,0.000499,0.000509,10,24034
2015-11-14,0.000590,0.000636,0.000514,0.000523,39,27099
2015-11-13,0.000624,0.000636,0.000507,0.000590,1,28695
2015-11-12,0.000686,0.000718,0.000545,0.000624,3,31524
2015-11-11,0.000575,0.000741,0.000536,0.000682,34,26440
2015-11-10,0.000797,0.000857,0.000556,0.000577,5,36626
2015-11-09,0.000697,0.000819,0.000697,0.000797,48,32052
2015-11-08,0.000618,0.000708,0.000618,0.000695,50,28383
2015-11-07,0.000655,0.000770,0.000605,0.000621,156,30128
2015-11-06,0.000930,0.000930,0.000647,0.000656,6,42762
2015-11-05,0.000922,0.001089,0.000884,0.000926,19,42362
2015-11-04,0.000800,0.001248,0.000799,0.000930,15,36754
2015-11-03,0.000847,0.001032,0.000791,0.000799,661,38920
2015-11-02,0.000763,0.001140,0.000756,0.000845,84,35056
2015-11-01,0.000737,0.000774,0.000733,0.000762,6,33892
2015-10-31,0.000827,0.000833,0.000704,0.000736,4,38020
2015-10-30,0.000752,0.000883,0.000752,0.000827,39,34575
2015-10-29,0.000809,0.000888,0.000743,0.000752,18,37205
2015-10-28,0.000840,0.000930,0.000789,0.000824,69,38608
2015-10-27,0.000881,0.000894,0.000783,0.000846,9,40478
2015-10-26,0.000852,0.000896,0.000805,0.000881,14,39157
2015-10-25,0.000865,0.000930,0.000850,0.000852,38,39737
2015-10-24,0.000956,0.000966,0.000851,0.000865,8,43960
2015-10-23,0.000911,0.000956,0.000861,0.000956,19,41882
2015-10-22,0.000894,0.000999,0.000859,0.000912,82,41071
2015-10-21,0.000910,0.000989,0.000872,0.000893,6,41846
2015-10-20,0.000973,0.000993,0.000897,0.000911,34,44702
2015-10-19,0.000948,0.000973,0.000872,0.000972,28,43570
2015-10-18,0.000967,0.000984,0.000850,0.000947,29,44428
2015-10-17,0.000801,0.000999,0.000775,0.000966,15,36800
2015-10-16,0.000785,0.000933,0.000745,0.000801,88,36098
2015-10-15,0.000781,0.000824,0.000682,0.000785,50,35918
2015-10-14,0.000733,0.000825,0.000710,0.000781,127,33674
2015-10-13,0.000870,0.000942,0.000728,0.000733,80,40006
2015-10-12,0.000845,0.000943,0.000818,0.000871,305,38857
2015-10-11,0.000861,0.000945,0.000738,0.000846,258,39595
2015-10-10,0.000802,0.000862,0.000750,0.000862,89,36857
2015-10-09,0.000907,0.000926,0.000793,0.000803,108,41686
2015-10-08,0.000910,0.000971,0.000827,0.000906,70,41806
2015-10-07,0.000805,0.001525,0.000786,0.000909,293,37009
2015-10-06,0.000818,0.000943,0.000800,0.000807,95,37590
2015-10-05,0.000877,0.001025,0.000805,0.000818,202,40317
2015-10-04,0.001104,0.001106,0.000823,0.000878,473,50761
2015-10-03,0.000989,0.001012,0.000984,0.001005,1,45441
2015-10-02,0.001099,0.001102,0.000986,0.000989,3,50491
2015-10-01,0.000991,0.001090,0.000972,0.000986,6,45555
2015-09-30,0.001133,0.001141,0.000991,0.000991,17,52077
2015-09-29,0.001080,0.001141,0.001047,0.001133,15,49652
2015-09-28,0.001096,0.001138,0.001065,0.001081,15,50362
2015-09-27,0.001086,0.001113,0.001084,0.001095,6,49919
2015-09-26,0.001068,0.001173,0.001055,0.001087,18,49074
2015-09-25,0.001008,0.001295,0.001003,0.001068,40,46333
2015-09-24,0.001077,0.001121,0.000999,0.001009,7,49506
2015-09-23,0.001120,0.001245,0.001076,0.001077,86,51480
2015-09-22,0.001050,0.001120,0.001041,0.001118,8,48264
2015-09-21,0.001098,0.001128,0.001028,0.001051,9,50480
2015-09-20,0.001115,0.001153,0.001097,0.001098,3,51264
2015-09-19,0.001095,0.001153,0.001085,0.001116,7,50334
2015-09-18,0.001092,0.001110,0.001089,0.001096,2,50174
2015-09-17,0.001100,0.001182,0.001090,0.001092,0,50561
2015-09-16,0.001174,0.001177,0.001070,0.001177,20,53959
2015-09-15,0.001083,0.001212,0.001080,0.001174,7,49792
2015-09-14,0.001079,0.001101,0.001067,0.001084,12,49605
2015-09-13,0.001089,0.001166,0.001069,0.001079,18,50061
2015-09-12,0.001113,0.001196,0.001089,0.001089,20,51176
2015-09-11,0.001091,0.001200,0.001091,0.001115,9,50168
2015-09-10,0.001092,0.001248,0.001086,0.001092,2,50210
2015-09-09,0.001130,0.001416,0.001090,0.001092,187,51936
2015-09-08,0.001147,0.001183,0.001103,0.001131,25,52714
2015-09-07,0.001095,0.001192,0.001089,0.001147,67,50335
2015-09-06,0.001069,0.001203,0.001067,0.001095,13,49114
2015-09-05,0.001050,0.001153,0.001046,0.001069,1,48247
2015-09-04,0.001040,0.001140,0.001038,0.001050,3,47807
2015-09-03,0.001043,0.001134,0.001032,0.001040,55,47958
2015-09-02,0.001133,0.001145,0.001030,0.001043,19,52069
2015-09-01,0.001037,0.001133,0.001020,0.001133,1,47642
2015-08-31,0.001040,0.001142,0.001026,0.001036,13,47809
2015-08-30,0.001065,0.001088,0.001031,0.001039,21,48960
2015-08-29,0.001094,0.001109,0.001056,0.001065,44,50288
2015-08-28,0.001036,0.001153,0.001018,0.001094,26,47610
2015-08-27,0.001017,0.001140,0.001002,0.001036,13,46749
2015-08-26,0.001158,0.001173,0.000982,0.001016,63,53217
2015-08-25,0.000922,0.001164,0.000876,0.001156,19,42369
2015-08-24,0.000988,0.001039,0.000915,0.000924,45,45425
2015-08-23,0.000997,0.001066,0.000977,0.000989,3,45827
2015-08-22,0.001017,0.001069,0.000961,0.000997,26,46732
2015-08-21,0.001085,0.001108,0.001010,0.001016,22,49848
2015-08-20,0.001149,0.001169,0.001037,0.001085,20,52809
2015-08-19,0.001092,0.001236,0.001055,0.001148,145,50199
2015-08-18,0.001122,0.001283,0.001048,0.001048,17,51569
2015-08-17,0.001277,0.001295,0.001103,0.001122,19,58689
2015-08-16,0.001232,0.001296,0.001183,0.001277,15,56623
2015-08-15,0.001292,0.001298,0.001209,0.001235,50,59386
2015-08-14,0.001417,0.001438,0.001292,0.001292,8,65121
2015-08-13,0.001217,0.001448,0.001129,0.001417,25,55954
2015-08-12,0.001409,0.001409,0.001207,0.001218,29,64762
2015-08-11,0.001324,0.001473,0.001323,0.001383,22,60853
2015-08-10,0.001317,0.001363,0.001291,0.001325,23,60535
2015-08-09,0.001316,0.001349,0.001297,0.001315,21,60487
2015-08-08,0.001436,0.001480,0.001314,0.001315,29,66008
2015-08-07,0.001484,0.001536,0.001417,0.001462,15,68193
2015-08-06,0.001425,0.002726,0.001395,0.001483,12,65511
2015-08-05,0.001466,0.001558,0.001408,0.001425,50,67371
2015-08-04,0.001382,0.001649,0.001366,0.001468,26,63527
2015-08-03,0.001461,0.001492,0.001321,0.001382,11,67143
2015-08-02,0.001442,0.001465,0.001409,0.001460,25,66264
2015-08-01,0.001664,0.001665,0.001425,0.001447,18,76476
2015-07-31,0.001683,0.001704,0.001586,0.001602,31,77356
2015-07-30,0.001571,0.001692,0.001511,0.001683,13,72225
2015-07-29,0.001659,0.001751,0.001574,0.001574,15,76252
2015-07-28,0.001872,0.001881,0.001638,0.001659,77,86061
2015-07-27,0.001749,0.001955,0.001670,0.001872,31,80370
2015-07-26,0.001492,0.001855,0.001492,0.001749,22,68599
2015-07-25,0.001692,0.001771,0.001480,0.001493,25,77752
2015-07-24,0.001586,0.001692,0.001581,0.001692,14,72914
2015-07-23,0.001452,0.001591,0.001439,0.001587,22,66738
2015-07-22,0.001642,0.001725,0.001426,0.001453,67,75488
2015-07-21,0.001972,0.001972,0.001640,0.001643,23,90650
2015-07-20,0.001654,0.002071,0.001605,0.001973,463,76028
2015-07-19,0.001940,0.001948,0.001644,0.001655,37,89161
2015-07-18,0.001853,0.002140,0.001810,0.001939,22,85162
2015-07-17,0.002029,0.002137,0.001850,0.001853,28,93266
2015-07-16,0.002121,0.002251,0.001996,0.002021,108,97497
2015-07-15,0.002166,0.002357,0.002105,0.002123,29,99557
2015-07-14,0.002190,0.002349,0.002164,0.002164,126,100677
2015-07-13,0.002147,0.002340,0.002100,0.002192,26,98689
2015-07-12,0.002401,0.002406,0.002142,0.002148,18,110341
2015-07-11,0.002128,0.002449,0.002124,0.002400,7,97797
2015-07-10,0.002080,0.002491,0.002048,0.002128,149,95582
2015-07-09,0.002111,0.002474,0.002079,0.002080,44,97012
2015-07-08,0.002023,0.002110,0.002016,0.002110,30,92962
2015-07-07,0.002120,0.002126,0.001992,0.002023,67,97440
2015-07-06,0.002534,0.002553,0.002017,0.002115,54,116490
2015-07-05,0.002011,0.002542,0.001973,0.002542,23,92440
2015-07-04,0.001975,0.002294,0.001918,0.002012,51,90799
2015-07-03,0.002240,0.002249,0.001954,0.001974,11,102940
2015-07-02,0.002074,0.002241,0.001944,0.002239,11,95306
2015-07-01,0.002253,0.002268,0.002073,0.002074,58,103575
2015-06-30,0.002480,0.002606,0.002250,0.002250,41,113988
2015-06-29,0.002252,0.002480,0.002225,0.002480,32,103489
2015-06-28,0.002332,0.002372,0.002231,0.002255,58,107186
2015-06-27,0.002366,0.002605,0.002286,0.002332,70,108760
2015-06-26,0.002452,0.002452,0.002236,0.002366,59,112699
2015-06-25,0.002376,0.002455,0.002376,0.002451,146,109214
2015-06-24,0.002413,0.002422,0.002361,0.002378,73,110903
2015-06-23,0.002171,0.002454,0.002060,0.002413,264,99773
2015-06-22,0.002506,0.002546,0.002118,0.002171,124,115176
2015-06-21,0.002273,0.007602,0.002100,0.002506,33,104457
2015-06-20,0.002423,0.002457,0.002170,0.002272,194,111355
2015-06-19,0.002463,0.002508,0.002405,0.002422,58,113208
2015-06-18,0.002631,0.002896,0.002404,0.002455,171,120909
2015-06-17,0.002304,0.002778,0.002189,0.002630,327,105883
2015-06-16,0.002036,0.002304,0.002019,0.002304,478,93590
2015-06-15,0.002324,0.002438,0.001969,0.002037,629,106796
2015-06-14,0.001864,0.002630,0.001835,0.002325,338,85685
2015-06-13,0.001807,0.001973,0.001653,0.001864,281,83070
2015-06-12,0.001340,0.001926,0.001340,0.001808,274,61592
2015-06-11,0.001609,0.001610,0.001225,0.001340,137,73947
2015-06-10,0.001601,0.001615,0.001435,0.001608,19,73571
2015-06-09,0.001556,0.001679,0.001417,0.001601,59,71533
2015-06-08,0.001541,0.001686,0.001463,0.001556,100,70842
2015-06-07,0.001584,0.001785,0.001541,0.001541,106,72790
2015-06-06,0.001977,0.002022,0.001575,0.001584,10,90863
2015-06-05,0.001565,0.002349,0.001551,0.001977,54,71913
2015-06-04,0.001514,0.001576,0.001465,0.001566,7,69607
2015-06-03,0.001516,0.001608,0.001482,0.001515,16,69683
2015-06-02,0.001582,0.001702,0.001503,0.001516,40,72704
2015-06-01,0.001510,0.001611,0.001505,0.001582,20,69419
2015-05-31,0.001634,0.001660,0.001509,0.001510,24,75086
2015-05-30,0.002119,0.002174,0.001561,0.001635,78,97402
2015-05-29,0.002090,0.002280,0.002090,0.002119,145,96071
2015-05-28,0.001466,0.002233,0.001465,0.002091,303,67400
2015-05-27,0.001527,0.001652,0.001410,0.001466,133,70185
2015-05-26,0.001506,0.001808,0.001431,0.001527,223,69199
2015-05-25,0.001353,0.001759,0.001349,0.001506,149,62197
2015-05-24,0.001485,0.001595,0.001353,0.001353,78,68232
2015-05-23,0.001321,0.001695,0.001306,0.001484,238,60702
2015-05-22,0.001140,0.001569,0.000995,0.001316,197,52375
2015-05-21,0.001186,0.001288,0.001072,0.001140,22,54533
2015-05-20,0.001166,0.001321,0.001166,0.001186,19,53611
2015-05-19,0.001234,0.001329,0.001161,0.001167,13,56710
2015-05-18,0.001251,0.001361,0.001227,0.001234,11,57477
2015-05-17,0.001043,0.001414,0.001043,0.001250,53,47946
2015-05-16,0.001405,0.001455,0.001019,0.001044,15,64557
2015-05-15,0.001231,0.001466,0.001077,0.001281,29,56602
2015-05-14,0.001064,0.001278,0.001063,0.001278,46,48922
2015-05-13,0.001361,0.001362,0.001036,0.001065,77,62559
2015-05-12,0.001191,0.001393,0.001191,0.001356,50,54732
2015-05-11,0.001182,0.001226,0.001178,0.001191,26,54340
2015-05-10,0.001189,0.001248,0.001177,0.001182,18,54664
2015-05-09,0.001199,0.001280,0.001179,0.001190,5,55125
2015-05-08,0.001254,0.001254,0.001160,0.001200,30,57649
2015-05-07,0.001363,0.001486,0.001119,0.001255,149,62665
2015-05-06,0.001146,0.001506,0.001118,0.001484,25,52664
2015-05-05,0.001148,0.001226,0.001116,0.001145,58,52761
2015-05-04,0.001173,0.001268,0.001142,0.001149,20,53935
2015-05-03,0.001132,0.001258,0.001126,0.001173,10,52025
2015-05-02,0.001105,0.001250,0.001105,0.001132,77,50768
2015-05-01,0.001185,0.001200,0.001103,0.001103,118,54481
2015-04-30,0.001124,0.001198,0.001120,0.001186,27,51660
2015-04-29,0.001184,0.001196,0.001117,0.001125,36,54436
2015-04-28,0.001158,0.001193,0.001109,0.001186,2,53232
2015-04-27,0.001099,0.001180,0.001083,0.001160,33,50529
2015-04-26,0.001125,0.001145,0.001070,0.001099,84,51720
2015-04-25,0.001179,0.001180,0.001125,0.001125,48,54204
2015-04-24,0.001206,0.001206,0.001173,0.001179,7,55429
2015-04-23,0.001232,0.001233,0.001197,0.001206,34,56614
2015-04-22,0.001265,0.001300,0.001229,0.001232,12,58147
2015-04-21,0.001235,0.001275,0.001204,0.001263,198,56770
2015-04-20,0.001236,0.001425,0.001215,0.001235,136,56787
2015-04-19,0.001179,0.001459,0.001133,0.001235,11,54198
2015-04-18,0.001890,0.001986,0.001161,0.001179,83,86868
2015-04-17,0.001232,0.001891,0.001119,0.001890,130,56627
2015-04-16,0.001229,0.001246,0.001203,0.001232,10,56502
2015-04-15,0.001170,0.001229,0.001168,0.001229,3,53769
2015-04-14,0.001174,0.001226,0.001154,0.001170,30,53966
2015-04-13,0.001230,0.001246,0.001160,0.001173,47,56557
2015-04-12,0.001221,0.001267,0.001198,0.001232,31,56113
2015-04-11,0.001213,0.001229,0.001202,0.001221,3,55766
2015-04-10,0.001253,0.001317,0.001197,0.001214,3,57592
2015-04-09,0.001148,0.001374,0.001117,0.001253,18,52747
2015-04-08,0.001442,0.001455,0.001145,0.001148,17,66290
2015-04-07,0.001313,0.001447,0.001278,0.001443,28,60337
2015-04-06,0.001332,0.001488,0.001302,0.001314,28,61235
2015-04-05,0.001307,0.001464,0.001302,0.001332,9,60061
2015-04-04,0.001322,0.001329,0.001268,0.001306,63,60753
2015-04-03,0.001339,0.001372,0.001317,0.001322,18,61533
2015-04-02,0.001289,0.001339,0.001275,0.001338,27,59232
2015-04-01,0.001358,0.001374,0.001288,0.001309,37,62405
2015-03-31,0.001460,0.001606,0.001351,0.001358,65,67091
2015-03-30,0.001394,0.001602,0.001387,0.001460,10,64078
2015-03-29,0.001530,0.001607,0.001375,0.001393,67,70345
2015-03-28,0.001494,0.001689,0.001494,0.001531,15,68677
2015-03-27,0.001404,0.001630,0.001391,0.001495,39,64550
2015-03-26,0.001426,0.001576,0.001391,0.001404,45,65522
2015-03-25,0.001377,0.001451,0.001294,0.001425,22,63306
2015-03-24,0.001478,0.001517,0.001358,0.001367,19,67932
2015-03-23,0.001535,0.001620,0.001479,0.001479,38,70554
2015-03-22,0.001491,0.001611,0.001457,0.001535,170,68523
2015-03-21,0.001437,0.001552,0.001402,0.001491,162,66070
2015-03-20,0.001664,0.001671,0.001422,0.001441,71,76482
2015-03-19,0.001361,0.001610,0.001322,0.001608,47,62568
2015-03-18,0.001510,0.001574,0.001334,0.001369,28,69408
2015-03-17,0.001593,0.001647,0.001503,0.001512,10,73206
2015-03-16,0.001567,0.001637,0.001377,0.001593,29,72039
2015-03-15,0.001314,0.001571,0.001309,0.001571,67,60402
2015-03-14,0.000862,0.001654,0.000853,0.001316,132,39613
2015-03-13,0.000938,0.001071,0.000865,0.000865,8,43117
2015-03-12,0.000569,0.000948,0.000554,0.000939,39,26158
2015-03-11,0.000907,0.001536,0.000494,0.000570,555,41695
2015-03-10,0.001318,0.001506,0.000906,0.000908,98,60590
2015-03-09,0.001511,0.001522,0.001317,0.001317,50,69446
2015-03-08,0.001526,0.001621,0.001413,0.001508,140,70135
2015-03-07,0.001536,0.001603,0.001470,0.001525,40,70598
2015-03-06,0.001545,0.001601,0.001517,0.001538,8,71030
2015-03-05,0.001580,0.001586,0.001464,0.001549,26,72611
2015-03-04,0.001523,0.001673,0.001484,0.001582,101,70019
2015-03-03,0.001562,0.001562,0.001456,0.001517,7,71776
2015-03-02,0.001535,0.001569,0.001374,0.001565,144,70555
2015-03-01,0.001425,0.001543,0.001398,0.001534,23,65491
2015-02-28,0.001421,0.001433,0.001386,0.001425,20,65296
2015-02-27,0.001379,0.001461,0.001348,0.001421,8,63385
2015-02-26,0.001362,0.001393,0.001339,0.001379,4,62602
2015-02-25,0.001362,0.001394,0.001338,0.001363,20,62616
2015-02-24,0.001375,0.001401,0.001334,0.001361,30,63220
2015-02-23,0.001647,0.001657,0.001362,0.001375,15,75710
2015-02-22,0.001570,0.001842,0.001553,0.001647,4,72167
2015-02-21,0.001418,0.001638,0.001414,0.001570,13,65189
2015-02-20,0.001393,0.001505,0.001388,0.001418,28,64046
2015-02-19,0.001417,0.001537,0.001368,0.001394,55,65141
2015-02-18,0.001445,0.001524,0.001394,0.001417,6,66416
2015-02-17,0.001421,0.001685,0.001415,0.001444,49,65332
2015-02-16,0.001345,0.001465,0.001309,0.001424,35,61829
2015-02-15,0.001512,0.001586,0.001342,0.001345,11,69510
2015-02-14,0.001669,0.001673,0.001317,0.001511,9,76695
2015-02-13,0.001370,0.001671,0.001211,0.001668,406,62981
2015-02-12,0.001476,0.001476,0.001326,0.001369,38,67822
2015-02-11,0.001354,0.001500,0.001354,0.001475,34,62246
2015-02-10,0.001266,0.001594,0.001243,0.001355,131,58190
2015-02-09,0.001314,0.001339,0.001232,0.001265,28,60377
2015-02-08,0.001375,0.001377,0.001313,0.001313,17,63206
2015-02-07,0.001355,0.001387,0.001341,0.001375,9,62299
2015-02-06,0.001265,0.001428,0.001265,0.001353,50,58165
2015-02-05,0.001313,0.001389,0.001251,0.001264,23,60354
2015-02-04,0.001401,0.001411,0.001307,0.001313,60,64403
2015-02-03,0.001460,0.001569,0.001383,0.001400,21,67121
2015-02-02,0.001370,0.001525,0.001362,0.001465,46,62963
2015-02-01,0.001325,0.001406,0.001290,0.001373,21,60919
2015-01-31,0.001425,0.001558,0.001321,0.001329,27,65476
2015-01-30,0.001450,0.001513,0.001349,0.001424,28,66654
2015-01-29,0.001493,0.001507,0.001373,0.001455,27,68638
2015-01-28,0.001575,0.001631,0.001447,0.001497,8,72381
2015-01-27,0.001677,0.001691,0.001474,0.001576,62,77066
2015-01-26,0.001488,0.001828,0.001488,0.001679,51,68389
2015-01-25,0.001535,0.001579,0.001417,0.001486,22,70540
2015-01-24,0.001445,0.001610,0.001428,0.001538,33,66419
2015-01-23,0.001454,0.001492,0.001398,0.001446,49,66808
2015-01-22,0.001331,0.001578,0.001203,0.001453,128,61185
2015-01-21,0.001275,0.001372,0.001197,0.001329,12,58605
2015-01-20,0.001295,0.001304,0.001238,0.001275,18,59524
2015-01-19,0.001287,0.001369,0.001256,0.001307,30,59173
2015-01-18,0.001242,0.001304,0.001233,0.001281,80,57087
2015-01-17,0.001287,0.001310,0.001203,0.001241,11,59139
2015-01-16,0.001140,0.001296,0.001133,0.001291,56,52412
2015-01-15,0.001265,0.001432,0.001079,0.001144,89,58156
2015-01-14,0.001500,0.001623,0.001232,0.001271,46,68956
2015-01-13,0.001628,0.001634,0.001429,0.001510,32,74846
2015-01-12,0.001622,0.001751,0.001621,0.001631,13,74542
2015-01-11,0.001696,0.001809,0.001616,0.001619,26,77954
2015-01-10,0.001795,0.001809,0.001673,0.001697,16,82494
2015-01-09,0.001717,0.001784,0.001711,0.001767,37,78904
2015-01-08,0.001816,0.001816,0.001721,0.001723,29,83465
2015-01-07,0.001792,0.002358,0.001754,0.001817,82,82370
2015-01-06,0.001883,0.001889,0.001681,0.001793,12,86537
2015-01-05,0.001752,0.001935,0.001648,0.001882,9,80529
2015-01-04,0.001992,0.002233,0.001716,0.001746,86,91535
2015-01-03,0.002225,0.002285,0.001991,0.001991,74,102244
2015-01-02,0.001827,0.002460,0.001820,0.002223,78,83953
2015-01-01,0.002217,0.002217,0.001822,0.001827,43,101892
2014-12-31,0.002012,0.002215,0.001772,0.002215,141,92458
2014-12-30,0.001870,0.002021,0.001856,0.002010,17,85954
2014-12-29,0.001689,0.002172,0.001643,0.001930,4,77631
2014-12-28,0.002080,0.002193,0.001604,0.001687,12,95607
2014-12-27,0.001972,0.002265,0.001889,0.002079,98,90626
2014-12-26,0.002264,0.002430,0.001974,0.001974,106,104071
2014-12-25,0.001934,0.002264,0.001904,0.002263,261,88876
2014-12-24,0.002015,0.002033,0.001883,0.001935,54,92624
2014-12-23,0.001987,0.002113,0.001975,0.002016,25,91318
2014-12-22,0.001842,0.002103,0.001752,0.001986,43,84648
2014-12-21,0.001899,0.001919,0.001824,0.001841,15,87274
2014-12-20,0.001785,0.001971,0.001781,0.001900,10,82048
2014-12-19,0.001729,0.001788,0.001691,0.001786,8,79446
2014-12-18,0.001752,0.002129,0.001714,0.001730,164,80538
2014-12-17,0.001847,0.001923,0.001741,0.001752,38,84881
2014-12-16,0.002029,0.002144,0.001848,0.001848,31,93260
2014-12-15,0.001990,0.002080,0.001963,0.002028,17,91466
2014-12-14,0.001894,0.002003,0.001840,0.001992,30,87041
2014-12-13,0.001913,0.002097,0.001870,0.001896,21,87913
2014-12-12,0.001922,0.001951,0.001891,0.001914,43,88319
2014-12-11,0.001371,0.002165,0.001363,0.001920,97,63027
2014-12-10,0.001684,0.001843,0.001307,0.001379,35,77407
2014-12-09,0.001891,0.001963,0.001678,0.001684,83,86919
2014-12-08,0.001450,0.001944,0.001279,0.001891,75,66624
2014-12-07,0.002027,0.002066,0.001415,0.001450,37,93146
2014-12-06,0.002052,0.002055,0.001989,0.002007,30,94307
2014-12-05,0.002356,0.002443,0.001958,0.002052,102,108295
2014-12-04,0.002021,0.002357,0.001976,0.002357,53,92901
2014-12-03,0.002094,0.002096,0.002007,0.002017,23,96249
2014-12-02,0.002032,0.002367,0.002025,0.002092,72,93380
2014-12-01,0.002094,0.002146,0.002005,0.002120,40,96258
2014-11-30,0.002247,0.002263,0.002065,0.002093,136,103299
2014-11-29,0.002205,0.002319,0.002159,0.002247,126,101350
2014-11-28,0.002143,0.002518,0.002093,0.002207,126,98485
2014-11-27,0.002012,0.002166,0.001871,0.002144,15,92492
2014-11-26,0.002178,0.002196,0.001985,0.002001,31,100085
2014-11-25,0.002195,0.002308,0.002102,0.002173,56,100892
2014-11-24,0.002138,0.002255,0.002133,0.002195,5,98252
2014-11-23,0.002064,0.002183,0.002064,0.002141,3,94854
2014-11-22,0.002077,0.002146,0.002059,0.002062,72,95457
2014-11-21,0.002121,0.002122,0.002035,0.002073,9,97475
2014-11-20,0.002354,0.002365,0.002110,0.002121,28,108199
2014-11-19,0.002307,0.002384,0.002276,0.002355,245,106016
2014-11-18,0.002393,0.002409,0.002306,0.002315,70,109988
2014-11-17,0.002398,0.002476,0.002317,0.002392,97,110214
2014-11-16,0.002298,0.002400,0.002281,0.002395,139,105639
2014-11-15,0.002498,0.002531,0.002288,0.002318,46,114803
2014-11-14,0.002686,0.002747,0.002408,0.002487,93,123433
2014-11-13,0.002775,0.002975,0.002418,0.002698,285,127546
2014-11-12,0.002404,0.002979,0.002392,0.002752,61,110473
2014-11-11,0.002506,0.002701,0.002191,0.002556,69,115186
2014-11-10,0.002543,0.002596,0.002122,0.002513,159,116884
2014-11-09,0.002463,0.002628,0.002448,0.002550,25,113190
2014-11-08,0.002299,0.002467,0.002299,0.002463,62,105645
2014-11-07,0.002401,0.002776,0.002227,0.002299,82,110343
2014-11-06,0.002380,0.002417,0.002246,0.002399,180,109368
2014-11-05,0.002490,0.002697,0.002352,0.002379,77,114437
2014-11-04,0.002976,0.002977,0.002356,0.002489,172,136800
2014-11-03,0.002556,0.002977,0.002508,0.002977,48,117474
2014-11-02,0.003127,0.003659,0.002414,0.002560,326,143742
2014-11-01,0.002279,0.004043,0.002279,0.003147,363,104770
2014-10-31,0.002591,0.004058,0.002272,0.002279,168,119070
2014-10-30,0.002165,0.002610,0.002150,0.002592,82,99519
2014-10-29,0.002328,0.002607,0.002148,0.002165,127,107011
2014-10-28,0.002353,0.002583,0.002326,0.002331,34,108148
2014-10-27,0.002127,0.002887,0.002106,0.002352,133,97775
2014-10-26,0.003005,0.003005,0.001887,0.002127,235,138129
2014-10-25,0.002233,0.003023,0.001946,0.003003,295,102657
2014-10-24,0.001982,0.002066,0.001957,0.002051,41,91075
2014-10-23,0.002120,0.002131,0.001976,0.002004,125,97437
2014-10-22,0.002253,0.002282,0.002110,0.002121,43,103549
2014-10-21,0.002165,0.002488,0.002078,0.002255,189,99522
2014-10-20,0.002185,0.002264,0.002072,0.002168,121,100444
2014-10-19,0.002258,0.002372,0.002187,0.002187,77,103798
2014-10-18,0.002148,0.002394,0.002070,0.002259,39,98721
2014-10-17,0.002212,0.002247,0.002037,0.002147,141,101657
2014-10-16,0.002139,0.002444,0.002014,0.002211,506,98293
2014-10-15,0.002276,0.002278,0.002070,0.002140,146,104593
2014-10-14,0.002561,0.002583,0.002114,0.002275,514,117705
2014-10-13,0.002615,0.002629,0.002465,0.002557,97,120202
2014-10-12,0.002477,0.002626,0.002400,0.002620,70,113843
2014-10-11,0.002532,0.002576,0.002426,0.002476,178,116375
2014-10-10,0.002512,0.002637,0.002303,0.002533,79,115461
2014-10-09,0.002470,0.002720,0.002430,0.002514,299,113528
2014-10-08,0.002035,0.002481,0.001765,0.002472,199,93549
2014-10-07,0.001766,0.002046,0.001764,0.002036,58,81176
2014-10-06,0.001730,0.002296,0.001577,0.001765,92,79519
2014-10-05,0.002186,0.002257,0.001609,0.001731,156,100462
2014-10-04,0.001935,0.002395,0.001935,0.002186,502,88930
2014-10-03,0.002090,0.002138,0.001924,0.001933,32,96051
2014-10-02,0.002195,0.002351,0.001825,0.002089,205,100894
2014-10-01,0.002099,0.002194,0.002052,0.002193,75,96456
2014-09-30,0.002159,0.002164,0.002052,0.002096,125,99224
2014-09-29,0.002123,0.002167,0.002058,0.002157,28,97586
2014-09-28,0.002200,0.002209,0.001984,0.002066,66,101123
2014-09-27,0.002100,0.002521,0.002088,0.002200,193,96520
2014-09-26,0.002259,0.002278,0.002097,0.002104,61,103818
2014-09-25,0.002663,0.002686,0.002248,0.002260,58,122408
2014-09-24,0.002610,0.002720,0.002403,0.002663,54,119978
2014-09-23,0.002337,0.002669,0.002237,0.002611,178,107393
2014-09-22,0.002607,0.002610,0.002325,0.002337,52,119822
2014-09-21,0.002343,0.002752,0.002104,0.002605,125,107669
2014-09-20,0.002317,0.002948,0.002058,0.002319,475,106512
2014-09-19,0.001711,0.002892,0.001711,0.002318,696,78646
2014-09-18,0.001437,0.003549,0.001347,0.001712,1137,66046
2014-09-17,0.001774,0.001878,0.001438,0.001438,68,81550
2014-09-16,0.001789,0.001964,0.001764,0.001775,74,82228
2014-09-15,0.001853,0.002009,0.001528,0.001791,24,85168
2014-09-14,0.001723,0.001912,0.001720,0.001883,138,79206
2014-09-13,0.001827,0.001835,0.001712,0.001723,20,83984
2014-09-12,0.001845,0.001997,0.001716,0.001827,78,84785
2014-09-11,0.001767,0.001987,0.001487,0.001845,110,81194
2014-09-10,0.001477,0.001772,0.001476,0.001766,33,67895
2014-09-09,0.001600,0.001600,0.001356,0.001477,93,73522
2014-09-08,0.001926,0.001952,0.001587,0.001599,49,88514
2014-09-07,0.001706,0.001949,0.001701,0.001927,46,78418
2014-09-06,0.001999,0.002070,0.001705,0.001705,90,91875
2014-09-05,0.001836,0.002048,0.001822,0.001999,54,84380
2014-09-04,0.001556,0.001954,0.001449,0.001836,245,71496
2014-09-03,0.001386,0.001681,0.001355,0.001555,42,63689
2014-09-02,0.001514,0.001641,0.001279,0.001387,33,69567
2014-09-01,0.001580,0.001715,0.001449,0.001514,35,72625
2014-08-31,0.001612,0.001673,0.001228,0.001580,41,74071
2014-08-30,0.001546,0.001696,0.001526,0.001613,46,71073
2014-08-29,0.001888,0.001888,0.001546,0.001546,51,86762
2014-08-28,0.001847,0.002478,0.001842,0.001887,114,84870
2014-08-27,0.002053,0.002061,0.001847,0.001847,17,94381
2014-08-26,0.001810,0.002052,0.001801,0.002051,45,83208
2014-08-25,0.001779,0.002168,0.001759,0.001810,120,81773
2014-08-24,0.001770,0.002208,0.001756,0.001779,21,81347
2014-08-23,0.001825,0.001870,0.001749,0.001769,22,83898
2014-08-22,0.001869,0.001870,0.001823,0.001828,14,85907
2014-08-21,0.001905,0.002156,0.001835,0.001868,57,87564
2014-08-20,0.002449,0.002455,0.001903,0.001906,207,112584
2014-08-19,0.001687,0.002452,0.001609,0.002452,104,77534
2014-08-18,0.002453,0.002598,0.001673,0.001687,64,112746
2014-08-17,0.002806,0.002811,0.002431,0.002453,12,128960
2014-08-16,0.002316,0.003085,0.002291,0.002808,80,106436
2014-08-15,0.002668,0.003491,0.002301,0.002318,90,122637
2014-08-14,0.002829,0.003346,0.002638,0.002638,98,130038
2014-08-13,0.002970,0.003334,0.002795,0.002832,55,136512
2014-08-12,0.003542,0.003545,0.002931,0.002966,45,162813
2014-08-11,0.003925,0.003962,0.003182,0.003541,40,180398
2014-08-10,0.003782,0.004264,0.003524,0.003923,180,173837
2014-08-09,0.003618,0.004161,0.003002,0.003783,262,166294
2014-08-08,0.005488,0.005547,0.003086,0.003619,73,252259
2014-08-07,0.002890,0.005753,0.002648,0.005488,367,132840
2014-08-06,0.003244,0.003709,0.002890,0.002890,69,149122
2014-08-05,0.002977,0.003436,0.002669,0.003242,236,136830
2014-08-04,0.003453,0.003763,0.003035,0.003035,304,158714
2014-08-03,0.002423,0.003971,0.002406,0.003456,140,111389
2014-08-02,0.003235,0.003235,0.002356,0.002356,85,148701
2014-08-01,0.002362,0.005282,0.001822,0.003235,97,108543
2014-07-31,0.002528,0.003000,0.002081,0.002362,55,116214
2014-07-30,0.002180,0.002979,0.002020,0.002528,82,100206
2014-07-29,0.002234,0.002606,0.002069,0.002122,59,102687
2014-07-28,0.002803,0.003128,0.002235,0.002235,222,128834
2014-07-27,0.002645,0.002813,0.002638,0.002802,72,121587
2014-07-26,0.002917,0.002959,0.002642,0.002646,189,134083
2014-07-25,0.003181,0.003391,0.002702,0.002915,78,146224
2014-07-24,0.003122,0.003191,0.002765,0.003183,107,143499
2014-07-23,0.003099,0.003226,0.003000,0.003121,21,142455
2014-07-22,0.002661,0.003647,0.002657,0.003102,146,122297
2014-07-21,0.002801,0.002802,0.002627,0.002661,35,128748
2014-07-20,0.002829,0.003020,0.002796,0.002801,35,130011
2014-07-19,0.003445,0.003445,0.002814,0.002828,6,158340
2014-07-18,0.003021,0.003445,0.002782,0.003443,46,138832
2014-07-17,0.003236,0.003246,0.002612,0.003024,29,148736
2014-07-16,0.003005,0.003682,0.002816,0.003236,107,138111
2014-07-15,0.003211,0.003286,0.002941,0.003004,76,147579
2014-07-14,0.003695,0.003754,0.003207,0.003208,160,169840
2014-07-13,0.004297,0.004386,0.003689,0.003695,103,197516
2014-07-12,0.004331,0.004400,0.004170,0.004294,96,199041
2014-07-11,0.004091,0.004361,0.004086,0.004331,100,188013
2014-07-10,0.004582,0.004613,0.003657,0.004097,261,210596
2014-07-09,0.004702,0.004712,0.003859,0.004580,146,216100
2014-07-08,0.004610,0.004985,0.004444,0.004699,63,211880
2014-07-07,0.004538,0.009740,0.004160,0.005056,188,208599
2014-07-06,0.005161,0.007230,0.003852,0.004541,125,237217
2014-07-05,0.006112,0.006298,0.004882,0.004882,63,280919
2014-07-04,0.005229,0.006614,0.004668,0.006117,383,240332
2014-07-03,0.005207,0.005913,0.005152,0.005233,104,239341
2014-07-02,0.005956,0.006552,0.005204,0.005408,166,273771
2014-07-01,0.006017,0.006495,0.005442,0.005954,367,276540
2014-06-30,0.006949,0.007274,0.005543,0.006172,403,319384
2014-06-29,0.005287,0.009569,0.004584,0.007037,575,242992
2014-06-28,0.004291,0.005559,0.004281,0.004788,63,197233
2014-06-27,0.005224,0.005850,0.004082,0.004374,655,240095
2014-06-26,0.005224,0.005706,0.004669,0.005243,772,240091
2014-06-25,0.005235,0.005813,0.005105,0.005105,118,240593
2014-06-24,0.006038,0.006434,0.005239,0.005239,1440,277540
2014-06-23,0.005088,0.006501,0.004617,0.006038,2582,233867
2014-06-22,0.006539,0.007805,0.003786,0.004910,652,300560
2014-06-21,0.006111,0.007145,0.005305,0.006529,9863,280874
2014-06-19,0.005437,0.006101,0.005294,0.005350,138,249917
2014-06-18,0.004483,0.006322,0.004483,0.005436,159,206054
2014-06-17,0.005866,0.007018,0.004254,0.004254,242,269628
2014-06-16,0.006493,0.006673,0.005864,0.005872,875,298442
2014-06-15,0.006340,0.006693,0.005575,0.006522,9438,291393
2014-06-14,0.006597,0.008015,0.005125,0.006355,6377,303221
2014-06-13,0.004797,0.012271,0.004797,0.006591,7832,220476
2014-06-12,0.005663,0.005727,0.004807,0.004807,35,260292
2014-06-11,0.005713,0.006362,0.004404,0.005660,8501,262564
2014-06-10,0.006469,0.006500,0.005257,0.005712,194,297311
2014-06-09,0.006555,0.006575,0.006440,0.006460,8744,301272
2014-06-08,0.006550,0.006586,0.006533,0.006560,14035,301035
2014-06-07,0.007313,0.008234,0.006341,0.006552,17509,336133
2014-06-06,0.006552,0.008427,0.006098,0.007312,842,301154
2014-06-05,0.006427,0.006879,0.005909,0.006720,233,295421
2014-06-04,0.006946,0.006950,0.006070,0.006431,307,319262
2014-06-03,0.006635,0.006963,0.006004,0.006910,435,304951
2014-06-02,0.007042,0.007894,0.005145,0.006635,1272,323676
2014-06-01,0.007542,0.008684,0.004699,0.007048,5705,346668
2014-05-31,0.006447,0.008070,0.006208,0.007542,2406,296321
2014-05-30,0.006142,0.007053,0.005774,0.006444,3310,282314
2014-05-29,0.005601,0.006144,0.005474,0.006142,1108,257418
2014-05-28,0.005711,0.005873,0.005353,0.005583,118,262508
2014-05-27,0.005582,0.005981,0.005355,0.005703,163,256584
2014-05-26,0.006323,0.006348,0.005328,0.005589,555,290632
2014-05-25,0.005739,0.006438,0.005575,0.006243,514,263783
2014-05-24,0.006030,0.006082,0.005661,0.005738,414,277175
2014-05-23,0.006273,0.006343,0.005669,0.006005,500,288079
2014-05-22,0.005924,0.006315,0.005705,0.006263,734,271152
2014-05-21,0.006304,0.006615,0.005916,0.005922,383,288162
2014-05-20,0.006334,0.006521,0.006101,0.006304,298,288678
2014-05-19,0.006207,0.006854,0.005778,0.006332,630,282559
2014-05-18,0.006725,0.006748,0.006191,0.006210,2926,305127
2014-05-17,0.006269,0.006777,0.005821,0.006728,3292,284168
2014-05-16,0.006174,0.006911,0.005846,0.006268,2923,279727
2014-05-15,0.006579,0.007221,0.006162,0.006259,177,297057
2014-05-14,0.007103,0.007882,0.006574,0.006576,756,320400
2014-05-13,0.007107,0.007450,0.006717,0.007104,647,319677
2014-05-12,0.007399,0.007531,0.007063,0.007107,451,332295
2014-05-11,0.007567,0.007580,0.006858,0.007406,716,338588
2014-05-10,0.008132,0.008357,0.007580,0.007582,702,363492
2014-05-09,0.007926,0.008574,0.007869,0.008071,1090,354021
2014-05-08,0.008289,0.008324,0.007875,0.007926,1562,368896
2014-05-07,0.008428,0.008586,0.008120,0.008292,150,374662
2014-05-06,0.008353,0.008487,0.007552,0.008420,4035,370885
2014-05-05,0.008632,0.008974,0.008273,0.008355,339,381986
2014-05-04,0.009366,0.009473,0.007798,0.008659,830,413854
2014-05-03,0.009388,0.009837,0.008708,0.009362,640,413530
2014-05-02,0.009692,0.009850,0.008214,0.009388,511,426459
2014-05-01,0.010278,0.010411,0.008372,0.009700,386,450812
2014-04-30,0.009290,0.010335,0.008904,0.010278,80,407068
2014-04-29,0.010072,0.010119,0.008969,0.009297,196,440679
2014-04-28,0.010352,0.010545,0.009429,0.010071,390,451263
2014-04-27,0.010613,0.011214,0.010405,0.010405,195,462143
2014-04-26,0.011371,0.011384,0.010317,0.010630,597,493404
2014-04-25,0.012430,0.012452,0.010941,0.011368,753,538638
2014-04-24,0.012937,0.014023,0.011824,0.012436,1038,558678
2014-04-23,0.013302,0.013493,0.012848,0.012944,259,573834
2014-04-22,0.013557,0.013786,0.013258,0.013295,461,583572
2014-04-21,0.012885,0.013735,0.012885,0.013509,873,553117
2014-04-20,0.013831,0.014469,0.012528,0.012888,1275,592334
2014-04-19,0.014218,0.015130,0.012892,0.013829,847,607211
2014-04-18,0.014148,0.014730,0.013448,0.014219,728,603417
2014-04-17,0.015461,0.017156,0.014145,0.014152,1596,656999
2014-04-16,0.014438,0.019223,0.013531,0.015449,5792,612457
2014-04-15,0.011202,0.014836,0.011092,0.013995,2085,473442
2014-04-14,0.010784,0.012983,0.010225,0.011204,2666,455165
2014-04-13,0.012473,0.012859,0.010350,0.010762,1195,524501
2014-04-12,0.012607,0.013890,0.012141,0.012466,985,529471
2014-04-11,0.012029,0.015223,0.009754,0.012634,2216,504525
2014-04-10,0.015074,0.015389,0.010622,0.012071,5375,629955
2014-04-09,0.016460,0.017797,0.014739,0.014743,2421,686989
2014-04-08,0.016508,0.018682,0.015491,0.016460,2840,686399
2014-04-07,0.016556,0.019951,0.015703,0.016537,3306,687530
2014-04-06,0.009662,0.020390,0.009612,0.016528,5378,399755
2014-04-05,0.010609,0.011000,0.009000,0.009631,321,437979
2014-04-04,0.010793,0.011704,0.010147,0.010629,563,444609
2014-04-03,0.010640,0.011213,0.010149,0.010552,435,437284
2014-04-02,0.011880,0.012638,0.010413,0.010657,160,486726
2014-04-01,0.010002,0.013703,0.010002,0.011861,626,408817
2014-03-31,0.009691,0.012355,0.009365,0.010002,333,395201
2014-03-30,0.012187,0.012954,0.009590,0.009648,273,496473
2014-03-29,0.014414,0.015665,0.011824,0.012147,425,585110
2014-03-28,0.014549,0.016481,0.014301,0.014306,329,589998
2014-03-27,0.019253,0.019668,0.014656,0.014656,984,777937
2014-03-26,0.019271,0.022409,0.016917,0.019273,5930,777698
2014-03-25,0.033881,0.033881,0.016369,0.019285,910,1366580
2014-03-24,0.022934,0.093715,0.017452,0.033790,5113,923114
2014-03-23,0.021162,0.047545,0.021162,0.022885,6336,849524
2014-03-22,0.021548,0.022236,0.019807,0.021138,2054,864031
2014-03-21,0.020478,0.026486,0.020469,0.021547,2638,817298
2014-03-20,0.021864,0.022977,0.020363,0.020487,1339,871610
2014-03-19,0.022833,0.023203,0.021867,0.021878,654,909657
2014-03-18,0.023670,0.024108,0.022089,0.022864,1404,942740
2014-03-17,0.024734,0.025061,0.023654,0.023686,3253,981702
2014-03-16,0.026527,0.026527,0.024553,0.024837,3000,1051920
2014-03-15,0.026525,0.026865,0.025530,0.026520,1383,1050970
2014-03-14,0.026867,0.028132,0.026694,0.026795,1253,1063230
2014-03-13,0.026476,0.028225,0.026434,0.026867,4106,1043820
2014-03-12,0.027875,0.028040,0.025926,0.027298,1514,1097950
2014-03-11,0.031403,0.031501,0.025672,0.027928,9595,1236170
2014-03-10,0.035456,0.035473,0.030884,0.031396,4626,1394040
2014-03-09,0.031210,0.036736,0.030618,0.035462,10413,1221800
2014-03-08,0.034606,0.034671,0.031436,0.032811,3663,1354130
2014-03-07,0.034171,0.035267,0.032781,0.034600,4199,1335840
2014-03-06,0.034777,0.036282,0.033473,0.034158,2214,1354380
2014-03-05,0.037488,0.038511,0.033879,0.034767,2197,1458800
2014-03-04,0.034698,0.039720,0.034222,0.037495,5091,1349420
2014-03-03,0.031187,0.036473,0.031116,0.034632,6050,1212240
2014-03-02,0.033652,0.034364,0.030479,0.031090,7306,1300890
2014-02-28,0.039472,0.040246,0.035611,0.038060,4292,1525010
2014-02-27,0.041114,0.042253,0.038246,0.039478,3755,1587830
2014-02-26,0.040133,0.043842,0.039918,0.041164,4827,1549130
2014-02-25,0.045651,0.046302,0.036460,0.040201,12701,1761260
2014-02-24,0.053050,0.054407,0.044571,0.044851,9306,2042760
2014-02-23,0.052204,0.067693,0.050390,0.053045,13879,2004460
2014-02-22,0.046287,0.052730,0.044547,0.052161,9162,1774790
2014-02-21,0.048542,0.056632,0.039052,0.046163,24370,1854230
2014-02-20,0.036198,0.121148,0.033577,0.048533,87651,1380370
2014-02-19,0.034985,0.038381,0.034158,0.036191,4806,1329240
2014-02-18,0.034800,0.036536,0.034326,0.035010,771,1321030
2014-02-17,0.036272,0.037736,0.034542,0.034759,1505,1371400
2014-02-16,0.036064,0.038456,0.034881,0.036320,797,1361830
2014-02-15,0.037680,0.038092,0.032252,0.036060,347,1421110
2014-02-14,0.035399,0.038742,0.030899,0.037692,2249,1329710
2014-02-13,0.037893,0.040085,0.035515,0.035515,1148,1421940
2014-02-12,0.039497,0.041935,0.036871,0.037930,1161,1479910
2014-02-11,0.038470,0.047629,0.036944,0.038104,6620,1435470
2014-02-10,0.036158,0.040575,0.031132,0.038331,1635,1348080
2014-02-09,0.036424,0.041364,0.015813,0.035511,253,1356710
2014-02-08,0.038594,0.040545,0.035144,0.036558,645,1431280
2014-02-07,0.043792,0.043973,0.037533,0.038085,536,1622580
2014-02-06,0.045434,0.048369,0.043516,0.043775,205,1682110
2014-02-05,0.048138,0.049107,0.045333,0.046279,197,1774900
2014-02-04,0.046213,0.048692,0.045594,0.046886,690,1701880
2014-02-03,0.046560,0.048272,0.045608,0.046217,28,1712870
2014-02-02,0.048308,0.051859,0.045761,0.046633,508,1768740
2014-02-01,0.050230,0.052039,0.047393,0.048290,310,1837330
2014-01-31,0.044441,0.050428,0.044292,0.050310,230,1624380
2014-01-30,0.042127,0.048302,0.041582,0.044473,1064,1537980
2014-01-29,0.047788,0.050233,0.036147,0.041316,2335,1737680
2014-01-28,0.045450,0.048718,0.045252,0.047938,178,1651960
2014-01-27,0.050422,0.053776,0.042853,0.045296,812,1831500
2014-01-26,0.051904,0.054824,0.049637,0.050461,464,1884480
2014-01-25,0.049725,0.056463,0.047667,0.051900,324,1803330
2014-01-24,0.052529,0.056374,0.049377,0.049777,1814,1897340
2014-01-23,0.052359,0.058748,0.049608,0.052504,1472,1889800
2014-01-22,0.054634,0.060733,0.050537,0.052367,1141,1971070
2014-01-21,0.051309,0.053013,0.050508,0.050620,1646,1843500
2014-01-20,0.050976,0.058885,0.050378,0.051342,505,1829740
2014-01-19,0.050548,0.052282,0.048711,0.050951,832,1813300
2014-01-18,0.050482,0.053636,0.050234,0.050568,76,1810220
2014-01-17,0.057980,0.057985,0.048815,0.050394,227,2078160
2014-01-16,0.061081,0.065438,0.057720,0.058060,178,2188810
2014-01-15,0.067566,0.070395,0.060396,0.061124,1105,2415010
2014-01-14,0.065725,0.068877,0.056731,0.067578,730,2343770
2014-01-13,0.066823,0.069066,0.063596,0.065572,349,2382590
2014-01-11,0.072875,0.072875,0.072875,0.072875,128,433818
2014-01-10,0.072527,0.072527,0.065636,0.066116,211,2569270
2014-01-09,0.065635,0.077242,0.063527,0.072542,200,2325100
2014-01-08,0.071639,0.078361,0.064908,0.065732,813,2536900
2014-01-07,0.075615,0.086222,0.072180,0.072180,1725,2676270
2014-01-06,0.084254,0.089032,0.072457,0.075423,748,2980430
2014-01-05,0.086714,0.095458,0.081806,0.084027,3758,3056060
2014-01-04,0.083167,0.101832,0.078109,0.086810,2023,2925780
2014-01-03,0.086708,0.093389,0.078954,0.082707,1123,3048410
2014-01-02,0.079664,0.087238,0.071224,0.086658,5782,2790340
2014-01-01,0.068853,0.085327,0.068853,0.079454,313,2410130
2013-12-31,0.068748,0.076046,0.060811,0.068766,7453,2405100
2013-12-30,0.074135,0.080311,0.059991,0.068369,318,2592370
2013-12-29,0.074334,0.076022,0.069199,0.074505,2454,2598180
2013-12-28,0.081916,0.081965,0.073356,0.074311,367,2855360
2013-12-27,0.078618,0.086872,0.078618,0.081593,1460,2734280
2013-12-26,0.075233,0.085475,0.072046,0.078484,-,2615360
2013-12-25,0.075959,0.079751,0.072092,0.075043,-,2639530
2013-12-24,0.084375,0.085884,0.073611,0.075876,-,2930950
2013-12-23,0.079759,0.085447,0.073474,0.084506,-,2769160
2013-12-22,0.075222,0.082676,0.070619,0.080295,-,2606380
2013-12-21,0.076868,0.083649,0.072396,0.075707,-,2653920
2013-12-20,0.083313,0.107492,0.073821,0.077238,-,2874540
2013-12-19,0.072668,0.089875,0.062362,0.083042,-,2505930
2013-12-18,0.088173,0.120217,0.042472,0.073178,-,3039230
2013-12-17,0.117964,0.120773,0.067648,0.088682,-,4053080
2013-12-16,0.149656,0.150859,0.113754,0.117897,-,5135250
2013-12-15,0.158603,0.165081,0.137445,0.148940,-,5439580
2013-12-14,0.181788,0.193414,0.157463,0.158115,-,6231480
2013-12-13,0.191586,0.200783,0.165097,0.180319,-,6562760
2013-12-12,0.164780,0.191971,0.157279,0.191209,-,5622040
2013-12-11,0.197814,0.220770,0.154833,0.163977,-,6739230
2013-12-10,0.188280,0.205145,0.168432,0.197702,-,6411150
2013-12-09,0.132303,0.189640,0.130153,0.188463,-,4502950
2013-12-08,0.132496,0.149675,0.108369,0.132648,-,4508130
2013-12-07,0.162971,0.183857,0.118799,0.132671,-,5543840
2013-12-06,0.188775,0.237988,0.161826,0.161826,-,6419910
2013-12-05,0.238730,0.276676,0.142186,0.189269,-,8116000
2013-12-04,0.220904,0.284700,0.219383,0.238407,-,7506900
2013-12-03,0.241938,0.260593,0.217431,0.221047,-,8218220
2013-12-02,0.320629,0.410252,0.198492,0.241228,-,10855400
2013-12-01,0.463410,0.596794,0.189691,0.322121,-,15649900
2013-11-30,0.205557,0.477334,0.205271,0.463620,-,6897790
2013-11-29,0.115872,0.323480,0.113066,0.271673,-,3881650
2013-11-28,0.098341,0.137261,0.086583,0.114753,-,3292040
2013-11-27,0.080005,0.128921,0.062257,0.088173,-,2665870
2013-11-26,0.031254,0.126277,0.030813,0.080374,-,1036810
2013-11-25,0.035559,0.043481,0.030177,0.030998,-,1177530
2013-11-24,0.029836,0.043488,0.029251,0.035616,-,983080
2013-11-23,0.027413,0.032091,0.027394,0.029918,-,897160
2013-11-22,0.010883,0.010914,0.009434,0.010478,-,355980
2013-11-21,0.004755,0.011023,0.004618,0.010858,-,155126
2013-11-20,0.005774,0.008455,0.001114,0.004727,-,187511
2013-11-19,0.004989,0.007556,0.004265,0.005840,-,161656
2013-11-18,0.005959,0.009073,0.001007,0.004925,-,192669
2013-11-17,0.005732,0.006847,0.005170,0.005905,-,184634
2013-11-16,0.005637,0.006485,0.004632,0.005723,-,181079
2013-11-15,0.006396,0.009701,0.005515,0.005646,-,204906
2013-11-14,0.005771,0.007162,0.005771,0.006408,-,184190
2013-11-13,0.005776,0.007463,0.003932,0.005785,-,183959
2013-11-12,0.007033,0.007483,0.005321,0.005765,-,222898
2013-11-11,0.006814,0.007693,0.006529,0.007020,-,215502
2013-11-10,0.007604,0.007645,0.005282,0.006839,-,239815
2013-11-09,0.008126,0.008588,0.007180,0.007393,-,255018
2013-11-08,0.006323,0.008128,0.006304,0.008115,-,198113
2013-11-07,0.006019,0.007556,0.005776,0.006293,-,188204
2013-11-06,0.006609,0.007624,0.002611,0.006038,-,205506
2013-11-05,0.006345,0.008087,0.006232,0.006621,-,196997
2013-11-04,0.005474,0.007015,0.005473,0.006341,-,169109
2013-11-03,0.005154,0.005543,0.005104,0.005484,-,158980
2013-11-02,0.005814,0.005814,0.005132,0.005160,-,178466
2013-11-01,0.006117,0.006347,0.005784,0.005825,-,187463
2013-10-31,0.005543,0.006318,0.005369,0.006120,-,169716
2013-10-30,0.005519,0.006286,0.005458,0.005545,-,168006
2013-10-29,0.005367,0.006132,0.004966,0.005519,-,163167
2013-10-28,0.004905,0.006821,0.004609,0.005367,-,148918
2013-10-27,0.005298,0.005816,0.004638,0.004911,-,159938
2013-10-26,0.004874,0.005376,0.004656,0.005320,-,146950
2013-10-25,0.006524,0.006563,0.000460,0.004481,-,195782
2013-10-24,0.007072,0.007184,0.005561,0.006542,-,211921
2013-10-23,0.005861,0.007049,0.005658,0.007049,-,175519
2013-10-22,0.007306,0.007475,0.005765,0.005873,-,218565
2013-10-21,0.006468,0.007540,0.005745,0.007288,-,192735
2013-10-20,0.006695,0.007107,0.005499,0.006461,-,198990
2013-10-19,0.005574,0.007618,0.005566,0.006724,-,165355
2013-10-18,0.006098,0.006530,0.005483,0.005576,-,179899
2013-10-17,0.005312,0.006960,0.005142,0.006093,-,156423
2013-10-16,0.008011,0.008418,0.005302,0.005317,-,234676
2013-10-15,0.007392,0.008716,0.007253,0.007988,-,216072
2013-10-14,0.007660,0.008261,0.007224,0.007379,-,223591
2013-10-13,0.005877,0.009517,0.005851,0.007597,-,170251
2013-10-12,0.004849,0.007476,0.004836,0.005877,-,140244
2013-10-11,0.004707,0.004862,0.004667,0.004849,-,133787
2013-10-10,0.004669,0.006186,0.004636,0.004701,-,132702
2013-10-09,0.005281,0.006228,0.004652,0.004670,-,150092
2013-10-08,0.003853,0.005556,0.003835,0.005287,-,109511
2013-10-07,0.004012,0.004936,0.003843,0.003859,-,114042
2013-10-06,0.003467,0.004013,0.003440,0.003999,-,98537
2013-10-05,0.003859,0.004742,0.003453,0.003472,-,109439
2013-10-04,0.003331,0.004960,0.003286,0.003870,-,94106
2013-10-03,0.003005,0.007115,0.002984,0.003337,-,84416
2013-10-02,0.003435,0.004690,0.002899,0.002997,-,96336
2013-10-01,0.003451,0.003502,0.003422,0.003438,-,96641
2013-09-30,0.004115,0.004150,0.003366,0.003459,-,114641
2013-09-29,0.004047,0.004218,0.004041,0.004120,-,112657
2013-09-28,0.004000,0.004069,0.003382,0.004043,-,111081
2013-09-27,0.003243,0.004429,0.003234,0.004000,-,89587
2013-09-26,0.004459,0.004504,0.003200,0.003229,-,123031
2013-09-25,0.004430,0.004548,0.004429,0.004459,-,122141
2013-09-24,0.004385,0.006095,0.004361,0.004426,-,120412
2013-09-23,0.004483,0.004616,0.004372,0.004382,-,122591
2013-09-22,0.004445,0.005210,0.004400,0.004488,-,121268
2013-09-21,0.004571,0.004631,0.004388,0.004429,-,124725
2013-09-20,0.004671,0.004884,0.004562,0.004575,-,126661
2013-09-19,0.004731,0.004848,0.004625,0.004669,-,128084
2013-09-18,0.004742,0.004797,0.004701,0.004734,-,127950
2013-09-17,0.004737,0.004954,0.004496,0.004740,-,127297
2013-09-16,0.004711,0.005600,0.004672,0.004742,-,126281
2013-09-15,0.005176,0.005187,0.004063,0.004693,-,138001
2013-09-14,0.006048,0.006086,0.005169,0.005169,-,160699
2013-09-13,0.006037,0.006253,0.005114,0.006047,-,159777
2013-09-12,0.006454,0.006637,0.004917,0.006051,-,170213
2013-09-11,0.005099,0.006581,0.004992,0.006439,-,134205
2013-09-10,0.007127,0.007465,0.005099,0.005099,-,186400
2013-09-09,0.006702,0.007128,0.006566,0.007118,-,174815
2013-09-08,0.006951,0.006984,0.006319,0.006691,-,180693
2013-09-07,0.006799,0.007275,0.006738,0.006952,-,176018
2013-09-06,0.007115,0.007508,0.006735,0.006756,-,183530
2013-09-05,0.007734,0.007854,0.007039,0.007112,-,198179
2013-09-04,0.008738,0.008816,0.007541,0.007732,-,223440
2013-09-03,0.008274,0.008965,0.008114,0.008753,-,210536
2013-09-02,0.008470,0.009095,0.008230,0.008288,-,214991
2013-09-01,0.008257,0.009419,0.008237,0.008453,-,209011
2013-08-31,0.008132,0.008669,0.008109,0.008270,-,205635
2013-08-30,0.007466,0.008886,0.007383,0.008156,-,188665
2013-08-29,0.007482,0.007675,0.007458,0.007468,-,188803
2013-08-28,0.008726,0.008868,0.007482,0.007482,-,218503
2013-08-27,0.008224,0.008757,0.007882,0.008727,-,205539
2013-08-26,0.008427,0.008471,0.007616,0.008223,-,210240
2013-08-25,0.008422,0.008662,0.008391,0.008471,-,208821
2013-08-24,0.007466,0.008521,0.007447,0.008454,-,184823
2013-08-23,0.007809,0.008595,0.007364,0.007466,-,192214
2013-08-22,0.008261,0.008357,0.007745,0.007754,-,202688
2013-08-21,0.007637,0.008369,0.007637,0.008261,-,187157
2013-08-20,0.007272,0.007717,0.007181,0.007637,-,177989
2013-08-19,0.008084,0.008245,0.007213,0.007272,-,197682
2013-08-18,0.006912,0.008128,0.006853,0.008093,-,168824
2013-08-17,0.006650,0.007630,0.006613,0.006958,-,161417
2013-08-16,0.006529,0.006963,0.006448,0.006650,-,158000
2013-08-15,0.006754,0.007624,0.006476,0.006529,-,163150
2013-08-14,0.007013,0.009596,0.006672,0.006754,-,168178
2013-08-13,0.007132,0.007182,0.006741,0.006977,-,170799
2013-08-12,0.006616,0.008368,0.006223,0.007108,-,158240
2013-08-11,0.007210,0.007314,0.006537,0.006616,-,171228
2013-08-10,0.006322,0.007273,0.006322,0.007210,-,149831
2013-08-09,0.007215,0.007403,0.006061,0.006322,-,169800
2013-08-08,0.009857,0.009918,0.006006,0.007210,-,231479
2013-08-07,0.006713,0.009886,0.006418,0.009857,-,157458
2013-08-06,0.006407,0.006765,0.006338,0.006713,-,150104
2013-08-05,0.006833,0.007544,0.006300,0.006377,-,158938
2013-08-04,0.007346,0.007410,0.006240,0.006834,-,170554
2013-08-03,0.006479,0.010296,0.006230,0.007280,-,150314
2013-08-02,0.007489,0.011375,0.006433,0.006479,-,173616
2013-08-01,0.009559,0.009630,0.005999,0.007428,-,221497
2013-07-31,0.009813,0.011712,0.009349,0.010609,-,227202
2013-07-30,0.011164,0.011230,0.008162,0.009816,-,258353
2013-07-29,0.008973,0.012177,0.008959,0.011132,-,206218
2013-07-28,0.009440,0.009470,0.008460,0.009078,-,216743
2013-07-27,0.010082,0.010538,0.008914,0.009412,-,231341
2013-07-26,0.010077,0.010668,0.009803,0.010082,-,230984
2013-07-25,0.009687,0.010439,0.009622,0.010072,-,221921
2013-07-24,0.010517,0.010542,0.009532,0.009687,-,240863
2013-07-23,0.010904,0.011231,0.010360,0.010517,-,248816
2013-07-22,0.010931,0.011108,0.010703,0.010905,-,248325
2013-07-21,0.010779,0.011314,0.010456,0.010784,-,244681
2013-07-20,0.011040,0.012168,0.010690,0.010727,-,250471
2013-07-19,0.010808,0.011424,0.010536,0.011060,-,245114
2013-07-18,0.012805,0.013780,0.010345,0.010870,-,290248
2013-07-17,0.011371,0.012852,0.011309,0.012805,-,257634
2013-07-16,0.011938,0.012785,0.011356,0.011458,-,270356
2013-07-15,0.011233,0.012805,0.011173,0.011879,-,254155
2013-07-14,0.012831,0.012831,0.010904,0.011363,-,287827
2013-07-13,0.012313,0.012773,0.011536,0.012757,-,275704
2013-07-12,0.012324,0.013669,0.012032,0.012261,-,275824
2013-07-11,0.012188,0.014032,0.011810,0.012324,-,272631
2013-07-10,0.010627,0.012049,0.010554,0.012016,-,237625
2013-07-09,0.010527,0.011090,0.010045,0.010623,-,235199
2013-07-08,0.010331,0.011382,0.010056,0.010598,-,229841
2013-07-07,0.007982,0.010802,0.007735,0.010070,-,176725
2013-07-06,0.007914,0.008665,0.007720,0.008159,-,175022
2013-07-05,0.009239,0.009240,0.007879,0.007906,-,204179
2013-07-04,0.009080,0.009599,0.008287,0.009301,-,200602
2013-07-03,0.011029,0.011348,0.008860,0.008924,-,243569
2013-07-02,0.009687,0.011758,0.009628,0.010996,-,212653
2013-07-01,0.012676,0.013012,0.009575,0.009687,-,277353
2013-06-30,0.013300,0.013423,0.012364,0.012560,-,290700
2013-06-29,0.011359,0.013432,0.011160,0.013299,-,248135
2013-06-28,0.011293,0.011359,0.010161,0.011358,-,246612
2013-06-27,0.013000,0.015344,0.010738,0.011260,-,283734
2013-06-26,0.013950,0.016566,0.012245,0.015600,-,304297
2013-06-25,0.014584,0.015658,0.013232,0.014033,-,317993
2013-06-24,0.012625,0.015835,0.011916,0.014676,-,275250
2013-06-23,0.016770,0.016854,0.012429,0.012590,-,365453
2013-06-22,0.016425,0.016929,0.012364,0.016785,-,357796
2013-06-21,0.017812,0.019628,0.014285,0.016425,-,387856
2013-06-20,0.019485,0.020037,0.017445,0.017629,-,422603
2013-06-19,0.019270,0.020213,0.019038,0.019485,-,415896
2013-06-18,0.019823,0.021009,0.018693,0.019333,-,427462
2013-06-17,0.017983,0.020172,0.017821,0.019775,-,387612
2013-06-16,0.017465,0.018028,0.016753,0.017913,-,376350
2013-06-15,0.016001,0.018605,0.015681,0.017498,-,344723
2013-06-14,0.017324,0.017324,0.015340,0.015998,-,373165
2013-06-13,0.017517,0.017762,0.016325,0.017333,-,377164
2013-06-12,0.017767,0.018546,0.016379,0.017417,-,380900
2013-06-11,0.017123,0.018538,0.016746,0.017751,-,365683
2013-06-10,0.016200,0.018070,0.014615,0.017123,-,345791
2013-06-09,0.016185,0.017162,0.013828,0.016129,-,345442
2013-06-08,0.016761,0.016913,0.016095,0.016246,-,357581
2013-06-07,0.019035,0.019040,0.016260,0.016837,-,405978
2013-06-06,0.018322,0.020001,0.017967,0.018880,-,390348
2013-06-05,0.019788,0.020697,0.018001,0.018284,-,418238
2013-06-04,0.020890,0.021426,0.019405,0.019792,-,440863
2013-06-03,0.019845,0.022876,0.019416,0.021147,-,418460
2013-06-02,0.025860,0.025880,0.018422,0.019811,-,545053
2013-06-01,0.024346,0.025860,0.020513,0.025860,-,512829
2013-05-31,0.026017,0.031556,0.019016,0.024381,-,547829
2013-05-30,0.035575,0.035575,0.025637,0.026017,-,748696
2013-05-29,0.033946,0.035473,0.030503,0.035456,-,714210
2013-05-28,0.032442,0.036744,0.030755,0.033946,-,682105
2013-05-27,0.032708,0.038797,0.030927,0.032436,-,687347
2013-05-26,0.031677,0.037499,0.031435,0.032703,-,665157
2013-05-25,0.034607,0.039346,0.029904,0.031675,-,725972
2013-05-24,0.038522,0.040148,0.033185,0.034633,-,803131
2013-05-23,0.037388,0.041933,0.035212,0.038643,-,779034
2013-05-22,0.036990,0.042928,0.036722,0.037415,-,770668
2013-05-21,0.034532,0.042977,0.034532,0.036987,-,719334
2013-05-20,0.034301,0.043660,0.033754,0.034526,-,714409
2013-05-19,0.031852,0.040323,0.031675,0.034158,-,663371
2013-05-18,0.032110,0.034750,0.031738,0.031927,-,668688
2013-05-17,0.034282,0.034366,0.030499,0.031984,-,713749
2013-05-16,0.033124,0.036471,0.032538,0.034442,-,689519
2013-05-15,0.036762,0.040246,0.030212,0.033124,-,765121
2013-05-14,0.036578,0.044912,0.036294,0.036795,-,761247
2013-05-13,0.035903,0.042920,0.028776,0.036578,-,747071
2013-05-12,0.045216,0.046973,0.023263,0.035959,-,940671
2013-05-11,0.041357,0.046798,0.034503,0.045061,-,860260
2013-05-10,0.049636,0.053919,0.041312,0.049703,-,1031980
2013-05-09,0.056600,0.065462,0.048191,0.049579,-,1176490
2013-05-08,0.065760,0.068400,0.051559,0.056783,-,1365110
2013-05-07,0.072850,0.072850,0.042011,0.066900,-,1490670
2013-05-06,0.081186,0.095571,0.052987,0.072883,-,1628600
2013-05-05,0.110642,0.153725,0.081137,0.081137,-,2164260
2013-05-04,0.118701,0.143412,0.086336,0.101250,-,2261090
2013-05-03,0.042230,0.144642,0.030342,0.118277,-,798111
